country,code,year,organic_ha,farm_ha
Afghanistan,AFG,2004,,37928000
Afghanistan,AFG,2005,,37917000
Afghanistan,AFG,2006,,37910000
Afghanistan,AFG,2007,20,37914000
Afghanistan,AFG,2008,40,37916000
Afghanistan,AFG,2009,60,37916000
Afghanistan,AFG,2010,60,37917000
Afghanistan,AFG,2011,60,37915000
Afghanistan,AFG,2012,60,37914000
Afghanistan,AFG,2013,60,37910000
Afghanistan,AFG,2014,,37910000
Afghanistan,AFG,2015,81,37910000
Afghanistan,AFG,2016,400,37910000
Afghanistan,AFG,2017,271.80002,37910000
Afghanistan,AFG,2018,786,38010000
Afghanistan,AFG,2019,786,38010000
Afghanistan,AFG,2020,97.7,38313000
Afghanistan,AFG,2021,97.7,38313000
Afghanistan,AFG,2022,97.7,38313000
Afghanistan,AFG,2023,28,38116000
Africa,OWID_AFR,2004,624200,1103188000
Africa,OWID_AFR,2005,952890,1111568400
Africa,OWID_AFR,2006,1149900,1114177000
Africa,OWID_AFR,2007,1271070,1118596500
Africa,OWID_AFR,2008,1256390,1121579300
Africa,OWID_AFR,2009,1413540,1126993800
Africa,OWID_AFR,2010,1023604,1131688100
Africa,OWID_AFR,2011,1022439,1136167800
Africa,OWID_AFR,2012,1093465,1143813200
Africa,OWID_AFR,2013,1077582,1148633600
Africa,OWID_AFR,2014,1263071,1151306800
Africa,OWID_AFR,2015,1682423,1155255400
Africa,OWID_AFR,2016,1800595,1158191500
Africa,OWID_AFR,2017,2031655,1161487400
Africa,OWID_AFR,2018,2007187,1165741000
Africa,OWID_AFR,2019,2122941,1166918400
Africa,OWID_AFR,2020,2354628.8,1169624600
Africa,OWID_AFR,2021,2744158.2,1171925800
Africa,OWID_AFR,2022,2763468.8,1173195900
Africa,OWID_AFR,2023,3407450.5,1175391000
Africa (FAO),,2004,624200,1103188000
Africa (FAO),,2005,952890,1111568400
Africa (FAO),,2006,1149900,1114177000
Africa (FAO),,2007,1271070,1118596500
Africa (FAO),,2008,1256390,1121579300
Africa (FAO),,2009,1413540,1126993800
Africa (FAO),,2010,1023604,1131688000
Africa (FAO),,2011,1022439,1136167800
Africa (FAO),,2012,1093465,1143813200
Africa (FAO),,2013,1077582,1148633500
Africa (FAO),,2014,1263071,1151306800
Africa (FAO),,2015,1682423,1155255400
Africa (FAO),,2016,1800595,1158191500
Africa (FAO),,2017,2031655,1161487400
Africa (FAO),,2018,2007187,1165741000
Africa (FAO),,2019,2122941,1166918400
Africa (FAO),,2020,2354628.8,1169624600
Africa (FAO),,2021,2744158.2,1171925800
Africa (FAO),,2022,2763469,1173195900
Africa (FAO),,2023,3407450.2,1175391000
Albania,ALB,2004,,1122000
Albania,ALB,2005,1200,1077000
Albania,ALB,2006,1000,1120000
Albania,ALB,2007,80,1119000
Albania,ALB,2008,300,1181000
Albania,ALB,2009,500,1201300
Albania,ALB,2010,4200,1201300
Albania,ALB,2011,5800,1201000
Albania,ALB,2012,2210,1201300
Albania,ALB,2013,2170,1187300
Albania,ALB,2014,2470,1174290
Albania,ALB,2015,,1174300
Albania,ALB,2016,660,1181700
Albania,ALB,2017,550,1174281
Albania,ALB,2018,747,1174081
Albania,ALB,2019,600,1174000
Albania,ALB,2020,887.2,1165555
Albania,ALB,2021,1100,1136330
Albania,ALB,2022,700,1135600
Albania,ALB,2023,800,1044600
Algeria,DZA,2004,1400,41145000
Algeria,DZA,2005,900,41211000
Algeria,DZA,2006,1600,41181000
Algeria,DZA,2007,1600,41252000
Algeria,DZA,2008,1000,41309000
Algeria,DZA,2009,620,41380000
Algeria,DZA,2010,630,41374000
Algeria,DZA,2011,690,41388000
Algeria,DZA,2012,700,41398190
Algeria,DZA,2013,700,41431636
Algeria,DZA,2014,700,41431000
Algeria,DZA,2015,1400,41456400
Algeria,DZA,2016,800,41360200
Algeria,DZA,2017,770,41335140
Algeria,DZA,2018,770,41338850
Algeria,DZA,2019,770,41316000
Algeria,DZA,2020,770,41288000
Algeria,DZA,2021,770,41277000
Algeria,DZA,2022,1070,41326400
Algeria,DZA,2023,3350,41344700
American Samoa,ASM,2004,,2390
American Samoa,ASM,2005,,2420
American Samoa,ASM,2006,,2450
American Samoa,ASM,2007,,2480
American Samoa,ASM,2008,,2510
American Samoa,ASM,2009,,2540
American Samoa,ASM,2010,,2570
American Samoa,ASM,2011,,2600
American Samoa,ASM,2012,,2630
American Samoa,ASM,2013,,2660
American Samoa,ASM,2014,,2690
American Samoa,ASM,2015,,2720
American Samoa,ASM,2016,,2750
American Samoa,ASM,2017,,2780
American Samoa,ASM,2018,,2810
American Samoa,ASM,2019,,2840
American Samoa,ASM,2020,,2870
American Samoa,ASM,2021,,2900
American Samoa,ASM,2022,,2900
American Samoa,ASM,2023,,2960
Americas (FAO),,2004,3214400,1151576800
Americas (FAO),,2005,7090280,1152659700
Americas (FAO),,2006,6335504,1151345800
Americas (FAO),,2007,7898164,1152000500
Americas (FAO),,2008,9614594,1148354300
Americas (FAO),,2009,10304477,1147166700
Americas (FAO),,2010,10174007,1150067300
Americas (FAO),,2011,9732403,1150153300
Americas (FAO),,2012,9673311,1152394500
Americas (FAO),,2013,9816931,1153569000
Americas (FAO),,2014,9897897,1150511900
Americas (FAO),,2015,9764999,1152481000
Americas (FAO),,2016,10292347,1150874800
Americas (FAO),,2017,11242674,1148490100
Americas (FAO),,2018,11544495,1145561300
Americas (FAO),,2019,12057009,1144348300
Americas (FAO),,2020,13847564,1148054400
Americas (FAO),,2021,13457206,1146646000
Americas (FAO),,2022,13244469,1143544600
Americas (FAO),,2023,13700209,1139193600
Andorra,AND,2004,,22810
Andorra,AND,2005,,21800
Andorra,AND,2006,,21780
Andorra,AND,2007,,20770
Andorra,AND,2008,,20760
Andorra,AND,2009,0,20770
Andorra,AND,2010,0,19770
Andorra,AND,2011,0,19770
Andorra,AND,2012,,18760
Andorra,AND,2013,0,18810
Andorra,AND,2014,4,18800
Andorra,AND,2015,2,18810
Andorra,AND,2016,4,18820
Andorra,AND,2017,2,18820
Andorra,AND,2018,2,18834
Andorra,AND,2019,2,18800.1
Andorra,AND,2020,2,18777.3
Andorra,AND,2021,2,18756.201
Andorra,AND,2022,2,18756.201
Andorra,AND,2023,2,18740.8
Angola,AGO,2004,,44310000
Angola,AGO,2005,,44183000
Angola,AGO,2006,,44137000
Angola,AGO,2007,,44245000
Angola,AGO,2008,,44195000
Angola,AGO,2009,2500,44630000
Angola,AGO,2010,2500,44850000
Angola,AGO,2011,2500,45316000
Angola,AGO,2012,2500,45303000
Angola,AGO,2013,2500,45488000
Angola,AGO,2014,2500,45674000
Angola,AGO,2015,,45789000
Angola,AGO,2016,4,45824000
Angola,AGO,2017,,45765000
Angola,AGO,2018,,45778000
Angola,AGO,2019,,45856000
Angola,AGO,2020,,45864000
Angola,AGO,2021,,45917000
Angola,AGO,2022,,46062000
Angola,AGO,2023,,46063000
Antigua and Barbuda,ATG,2004,,9000
Antigua and Barbuda,ATG,2005,,9000
Antigua and Barbuda,ATG,2006,,9000
Antigua and Barbuda,ATG,2007,,9000
Antigua and Barbuda,ATG,2008,,9000
Antigua and Barbuda,ATG,2009,,9000
Antigua and Barbuda,ATG,2010,,9000
Antigua and Barbuda,ATG,2011,,9000
Antigua and Barbuda,ATG,2012,,9000
Antigua and Barbuda,ATG,2013,,9000
Antigua and Barbuda,ATG,2014,,9000
Antigua and Barbuda,ATG,2015,,9000
Antigua and Barbuda,ATG,2016,,9000
Antigua and Barbuda,ATG,2017,,9000
Antigua and Barbuda,ATG,2018,,9000
Antigua and Barbuda,ATG,2019,,9000
Antigua and Barbuda,ATG,2020,,9000
Antigua and Barbuda,ATG,2021,,9000
Antigua and Barbuda,ATG,2022,,9000
Antigua and Barbuda,ATG,2023,,9000
Argentina,ARG,2004,2646000,129496600
Argentina,ARG,2005,2682000,129920900
Argentina,ARG,2006,2358000,130138900
Argentina,ARG,2007,2777000,129968400
Argentina,ARG,2008,4006000,127046900
Argentina,ARG,2009,4327000,124328400
Argentina,ARG,2010,4144000,126267896
Argentina,ARG,2011,3796000,125318400
Argentina,ARG,2012,3585000,124741896
Argentina,ARG,2013,3217000,122937400
Argentina,ARG,2014,3016000,120950520
Argentina,ARG,2015,3064000,120753530
Argentina,ARG,2016,2844000,118861080
Argentina,ARG,2017,3180000,117629980
Argentina,ARG,2018,3617000,115930000
Argentina,ARG,2019,3631000,116599000
Argentina,ARG,2020,4400000,117679000
Argentina,ARG,2021,3900000,117978000
Argentina,ARG,2022,3900000,118848000
Argentina,ARG,2023,4100000,116136344
Armenia,ARM,2004,,1505000
Armenia,ARM,2005,300,1605000
Armenia,ARM,2006,200,1756400
Armenia,ARM,2007,300,1751900
Armenia,ARM,2008,600,1748800
Armenia,ARM,2009,600,1746300
Armenia,ARM,2010,750,1735000
Armenia,ARM,2011,750,1698100
Armenia,ARM,2012,810,1683000
Armenia,ARM,2013,1000,1683000
Armenia,ARM,2014,1000,1680700
Armenia,ARM,2015,1800,1676700
Armenia,ARM,2016,1200,1676800
Armenia,ARM,2017,1430,1676100
Armenia,ARM,2018,694,1677300
Armenia,ARM,2019,594,1677000
Armenia,ARM,2020,566,1676000
Armenia,ARM,2021,583.3,1674820
Armenia,ARM,2022,674,1652800
Armenia,ARM,2023,466.30002,1652300
Aruba,ABW,2004,,2000
Aruba,ABW,2005,,2000
Aruba,ABW,2006,,2000
Aruba,ABW,2007,,2000
Aruba,ABW,2008,,2000
Aruba,ABW,2009,,2000
Aruba,ABW,2010,,2000
Aruba,ABW,2011,,2000
Aruba,ABW,2012,,2000
Aruba,ABW,2013,,2000
Aruba,ABW,2014,,2000
Aruba,ABW,2015,,2000
Aruba,ABW,2016,,2000
Aruba,ABW,2017,,2000
Aruba,ABW,2018,,2000
Aruba,ABW,2019,,2000
Aruba,ABW,2020,,2000
Aruba,ABW,2021,,2000
Aruba,ABW,2022,,2000
Aruba,ABW,2023,,2000
Asia,OWID_ASI,2004,210800,1665508600
Asia,OWID_ASI,2005,2835410,1649076700
Asia,OWID_ASI,2006,3143720,1651256200
Asia,OWID_ASI,2007,3072650,1651562200
Asia,OWID_ASI,2008,3502140,1648940200
Asia,OWID_ASI,2009,4069970,1649473500
Asia,OWID_ASI,2010,3267850,1654270000
Asia,OWID_ASI,2011,4308430,1654271600
Asia,OWID_ASI,2012,3922040,1654659700
Asia,OWID_ASI,2013,4183460,1655707600
Asia,OWID_ASI,2014,4408770,1656495000
Asia,OWID_ASI,2015,4478731,1657958300
Asia,OWID_ASI,2016,5420760,1658654100
Asia,OWID_ASI,2017,6659942,1658697900
Asia,OWID_ASI,2018,6974587,1659791500
Asia,OWID_ASI,2019,6456802.5,1657931100
Asia,OWID_ASI,2020,6528396.5,1658309500
Asia,OWID_ASI,2021,6856322.5,1658532500
Asia,OWID_ASI,2022,9142202,1658538400
Asia,OWID_ASI,2023,9482624,1652692400
Asia (FAO),,2004,211820,1665664500
Asia (FAO),,2005,2837110,1649243800
Asia (FAO),,2006,3145720,1651413200
Asia (FAO),,2007,3074950,1651709400
Asia (FAO),,2008,3504140,1649055700
Asia (FAO),,2009,4073540,1649601200
Asia (FAO),,2010,3271420,1654384400
Asia (FAO),,2011,4312000,1654387800
Asia (FAO),,2012,3925940,1654776600
Asia (FAO),,2013,4187759.8,1655816400
Asia (FAO),,2014,4412670,1656604000
Asia (FAO),,2015,4483431,1658084900
Asia (FAO),,2016,5426360,1658763500
Asia (FAO),,2017,6665542,1658819200
Asia (FAO),,2018,6980587.5,1659923800
Asia (FAO),,2019,6463042.5,1658056300
Asia (FAO),,2020,6534314.5,1658437100
Asia (FAO),,2021,6864059.5,1658654000
Asia (FAO),,2022,9149951,1658661400
Asia (FAO),,2023,9493095,1652821400
Australia,AUS,2004,12077000,394906000
Australia,AUS,2005,11716000,410230000
Australia,AUS,2006,12294000,409302000
Australia,AUS,2007,11988000,398355500
Australia,AUS,2008,11988000,389288000
Australia,AUS,2009,12002000,384257000
Australia,AUS,2010,11641700,376372000
Australia,AUS,2011,11200000,396121000
Australia,AUS,2012,12002000,387076000
Australia,AUS,2013,9728000,371775000
Australia,AUS,2014,18340000,374423000
Australia,AUS,2015,22690000,348119000
Australia,AUS,2016,27145000,342602000
Australia,AUS,2017,35645040,371837000
Australia,AUS,2018,35687800,358895000
Australia,AUS,2019,35687800,362477000
Australia,AUS,2020,35687800,355775000
Australia,AUS,2021,35687800,363519000
Australia,AUS,2022,35688000,363519000
Australia,AUS,2023,53016060,363243680
Australia and New Zealand (FAO),,2004,12077000,406797000
Australia and New Zealand (FAO),,2005,11762900,421943000
Australia and New Zealand (FAO),,2006,12357900,420678000
Australia and New Zealand (FAO),,2007,12051900,409843500
Australia and New Zealand (FAO),,2008,12088000,400663000
Australia and New Zealand (FAO),,2009,12126500,395748000
Australia and New Zealand (FAO),,2010,11766200,387781000
Australia and New Zealand (FAO),,2011,11333200,407493000
Australia and New Zealand (FAO),,2012,12108700,398286400
Australia and New Zealand (FAO),,2013,9834700,382882000
Australia and New Zealand (FAO),,2014,18446700,385540000
Australia and New Zealand (FAO),,2015,22764130,358832000
Australia and New Zealand (FAO),,2016,27219130,353217000
Australia and New Zealand (FAO),,2017,35733910,382482000
Australia and New Zealand (FAO),,2018,35776670,369394000
Australia and New Zealand (FAO),,2019,35776670,372823000
Australia and New Zealand (FAO),,2020,35767144,365930000
Australia and New Zealand (FAO),,2021,35767144,373695000
Australia and New Zealand (FAO),,2022,35767348,373267000
Australia and New Zealand (FAO),,2023,53095410,372955680
Austria,AUT,2004,460800,2867400
Austria,AUT,2005,479800,2856800
Austria,AUT,2006,477800,2843300
Austria,AUT,2007,482300,2830100
Austria,AUT,2008,492600,2809400
Austria,AUT,2009,518800,2795000
Austria,AUT,2010,543600,2779200
Austria,AUT,2011,542600,2757300
Austria,AUT,2012,537700,2735200
Austria,AUT,2013,526700,2716400
Austria,AUT,2014,525000,2714200
Austria,AUT,2015,552100,2718450
Austria,AUT,2016,571420,2670170
Austria,AUT,2017,620660,2654620
Austria,AUT,2018,639100,2652830
Austria,AUT,2019,671700,2651210
Austria,AUT,2020,680000,2602665.2
Austria,AUT,2021,680800,2602488.2
Austria,AUT,2022,705800,2597447.8
Austria,AUT,2023,701200,2597263
Azerbaijan,AZE,2004,,4754900
Azerbaijan,AZE,2005,20300,4758600
Azerbaijan,AZE,2006,20800,4756000
Azerbaijan,AZE,2007,21300,4756500
Azerbaijan,AZE,2008,21300,4756700
Azerbaijan,AZE,2009,20300,4757300
Azerbaijan,AZE,2010,21510,4766800
Azerbaijan,AZE,2011,21960,4768700
Azerbaijan,AZE,2012,23740,4768300
Azerbaijan,AZE,2013,23330,4769800
Azerbaijan,AZE,2014,23330,4769700
Azerbaijan,AZE,2015,37630,4769800
Azerbaijan,AZE,2016,37630,4773000
Azerbaijan,AZE,2017,37630,4777500
Azerbaijan,AZE,2018,37630,4779500
Azerbaijan,AZE,2019,37630,4779700
Azerbaijan,AZE,2020,38080,4780100
Azerbaijan,AZE,2021,38080,4780600
Azerbaijan,AZE,2022,38080,4780500
Azerbaijan,AZE,2023,11482.8,4779600
Bahamas,BHS,2004,,11000
Bahamas,BHS,2005,,11000
Bahamas,BHS,2006,,11000
Bahamas,BHS,2007,,11000
Bahamas,BHS,2008,,11000
Bahamas,BHS,2009,,11000
Bahamas,BHS,2010,,12000
Bahamas,BHS,2011,,13000
Bahamas,BHS,2012,,13000
Bahamas,BHS,2013,50,13000
Bahamas,BHS,2014,50,13000
Bahamas,BHS,2015,50,13000
Bahamas,BHS,2016,50,13000
Bahamas,BHS,2017,50,13000
Bahamas,BHS,2018,50,13000
Bahamas,BHS,2019,50,13000
Bahamas,BHS,2020,50,13000
Bahamas,BHS,2021,50,13000
Bahamas,BHS,2022,49,13000
Bahamas,BHS,2023,48.6,13000
Bahrain,BHR,2004,,9480
Bahrain,BHR,2005,,9370
Bahrain,BHR,2006,,9270
Bahrain,BHR,2007,,9160
Bahrain,BHR,2008,,9060
Bahrain,BHR,2009,,8950
Bahrain,BHR,2010,,8850
Bahrain,BHR,2011,,8740
Bahrain,BHR,2012,,8640
Bahrain,BHR,2013,,8530
Bahrain,BHR,2014,,8430
Bahrain,BHR,2015,,8320
Bahrain,BHR,2016,,8220
Bahrain,BHR,2017,,8109.9995
Bahrain,BHR,2018,,8100.0005
Bahrain,BHR,2019,,8100.0005
Bahrain,BHR,2020,,8100.0005
Bahrain,BHR,2021,,8100.0005
Bahrain,BHR,2022,,8100.0005
Bahrain,BHR,2023,,8100.0005
Bangladesh,BGD,2004,,9323000
Bangladesh,BGD,2005,,9311000
Bangladesh,BGD,2006,,9280000
Bangladesh,BGD,2007,,9266000
Bangladesh,BGD,2008,500,9253000
Bangladesh,BGD,2009,1200,9246000
Bangladesh,BGD,2010,800,9241000
Bangladesh,BGD,2011,6810,9128000
Bangladesh,BGD,2012,6860,9120000
Bangladesh,BGD,2013,6860,9108000
Bangladesh,BGD,2014,6860,9099000
Bangladesh,BGD,2015,6860,9162240
Bangladesh,BGD,2016,6860,9194210
Bangladesh,BGD,2017,8060.0005,9187330
Bangladesh,BGD,2018,2249,9202300
Bangladesh,BGD,2019,2249,9397000
Bangladesh,BGD,2020,503.9,9430000
Bangladesh,BGD,2021,503.9,9418000
Bangladesh,BGD,2022,1400,9427000
Bangladesh,BGD,2023,1400.2,9399000
Barbados,BRB,2004,,16000
Barbados,BRB,2005,,16000
Barbados,BRB,2006,,16000
Barbados,BRB,2007,,16000
Barbados,BRB,2008,,16000
Barbados,BRB,2009,,16000
Barbados,BRB,2010,,15000
Barbados,BRB,2011,,14000
Barbados,BRB,2012,,13000
Barbados,BRB,2013,,12500
Barbados,BRB,2014,,12000
Barbados,BRB,2015,,11000
Barbados,BRB,2016,,10000
Barbados,BRB,2017,,10000
Barbados,BRB,2018,,10000
Barbados,BRB,2019,,10000
Barbados,BRB,2020,,10000
Barbados,BRB,2021,,10000
Barbados,BRB,2022,,10000
Barbados,BRB,2023,,10000
Belarus,BLR,2004,,8957000
Belarus,BLR,2005,,8949000
Belarus,BLR,2006,,8958000
Belarus,BLR,2007,,8916000
Belarus,BLR,2008,,8917000
Belarus,BLR,2009,,8927000
Belarus,BLR,2010,,8898000
Belarus,BLR,2011,,8875000
Belarus,BLR,2012,,8796000
Belarus,BLR,2013,,8711200
Belarus,BLR,2014,,8623900
Belarus,BLR,2015,,8574200
Belarus,BLR,2016,,8532700
Belarus,BLR,2017,,8494000
Belarus,BLR,2018,1660,8453000
Belarus,BLR,2019,1375,8387000
Belarus,BLR,2020,6838,8281000
Belarus,BLR,2021,6724.9,8174000
Belarus,BLR,2022,6159,8094000
Belarus,BLR,2023,5387.1997,8034000
Belgium,BEL,2004,23800,1391300
Belgium,BEL,2005,24400,1383000
Belgium,BEL,2006,28600,1380000
Belgium,BEL,2007,32700,1366900
Belgium,BEL,2008,35800,1365300
Belgium,BEL,2009,41350,1363600
Belgium,BEL,2010,49000,1355700
Belgium,BEL,2011,59200,1335700
Belgium,BEL,2012,59700,1332000
Belgium,BEL,2013,62500,1336500
Belgium,BEL,2014,66700,1331300
Belgium,BEL,2015,68800,1328000
Belgium,BEL,2016,78500,1350800
Belgium,BEL,2017,83500,1327000
Belgium,BEL,2018,89000,1354000
Belgium,BEL,2019,93118.6,1356000
Belgium,BEL,2020,99072,1364609.2
Belgium,BEL,2021,102413,1365670
Belgium,BEL,2022,101828,1359000
Belgium,BEL,2023,102359,1353300
Belize,BLZ,2004,,152000
Belize,BLZ,2005,1800,152000
Belize,BLZ,2006,1800,152000
Belize,BLZ,2007,1800,152000
Belize,BLZ,2008,900,152000
Belize,BLZ,2009,1180,155000
Belize,BLZ,2010,1180,157000
Belize,BLZ,2011,1200,157000
Belize,BLZ,2012,1860,160000
Belize,BLZ,2013,800,160000
Belize,BLZ,2014,900,160000
Belize,BLZ,2015,840,170000
Belize,BLZ,2016,380,170000
Belize,BLZ,2017,380,172000
Belize,BLZ,2018,220,172000
Belize,BLZ,2019,77,174000
Belize,BLZ,2020,454,180000
Belize,BLZ,2021,676.3,182000
Belize,BLZ,2022,508.00003,182000
Belize,BLZ,2023,439.59998,182000
Benin,BEN,2004,,3459245
Benin,BEN,2005,300,3473552
Benin,BEN,2006,800,3339326
Benin,BEN,2007,1500,3379104
Benin,BEN,2008,1000,3583892
Benin,BEN,2009,900,3740325
Benin,BEN,2010,1200,3487144
Benin,BEN,2011,1700,3619365
Benin,BEN,2012,2600,3765196
Benin,BEN,2013,1990,3980544
Benin,BEN,2014,2300,3997902
Benin,BEN,2015,2400,4073223
Benin,BEN,2016,5700,3876745
Benin,BEN,2017,18900,4093380
Benin,BEN,2018,16450,4460808.5
Benin,BEN,2019,15160,4631209.5
Benin,BEN,2020,34526,4433049
Benin,BEN,2021,48897.3,4623424.5
Benin,BEN,2022,59476,4855712.5
Benin,BEN,2023,60275.3,4716752.5
Bermuda,BMU,2004,,400
Bermuda,BMU,2005,,400
Bermuda,BMU,2006,,400
Bermuda,BMU,2007,,400
Bermuda,BMU,2008,,300
Bermuda,BMU,2009,,300
Bermuda,BMU,2010,,300
Bermuda,BMU,2011,,300
Bermuda,BMU,2012,,300
Bermuda,BMU,2013,,300
Bermuda,BMU,2014,,300
Bermuda,BMU,2015,,300
Bermuda,BMU,2016,,300
Bermuda,BMU,2017,,300
Bermuda,BMU,2018,,300
Bermuda,BMU,2019,,300
Bermuda,BMU,2020,,300
Bermuda,BMU,2021,,300
Bermuda,BMU,2022,,300
Bermuda,BMU,2023,,300
Bhutan,BTN,2004,,584000
Bhutan,BTN,2005,200,593000
Bhutan,BTN,2006,200,577000
Bhutan,BTN,2007,60,563000
Bhutan,BTN,2008,60,521300
Bhutan,BTN,2009,,520000
Bhutan,BTN,2010,,520000
Bhutan,BTN,2011,6150,519599.97
Bhutan,BTN,2012,6160,519599.97
Bhutan,BTN,2013,6700,519599.97
Bhutan,BTN,2014,6800,525600
Bhutan,BTN,2015,6900,525600
Bhutan,BTN,2016,6600,519000
Bhutan,BTN,2017,6600,513000
Bhutan,BTN,2018,6632,513000
Bhutan,BTN,2019,7000,513000
Bhutan,BTN,2020,4000,516500
Bhutan,BTN,2021,6000,520000
Bhutan,BTN,2022,6000,523500
Bhutan,BTN,2023,3704,527000
Bolivia,BOL,2004,,36617000
Bolivia,BOL,2005,36000,36962000
Bolivia,BOL,2006,41004,37141776
Bolivia,BOL,2007,41004,37282556
Bolivia,BOL,2008,41004,37411332
Bolivia,BOL,2009,41004,37540108
Bolivia,BOL,2010,112109.1,37668892
Bolivia,BOL,2011,146000,37803668
Bolivia,BOL,2012,146000,37943444
Bolivia,BOL,2013,146000,38084224
Bolivia,BOL,2014,114000,38222000
Bolivia,BOL,2015,114300,38221000
Bolivia,BOL,2016,114300,38083000
Bolivia,BOL,2017,114300,37940000
Bolivia,BOL,2018,114300,38200550
Bolivia,BOL,2019,144200,38505264
Bolivia,BOL,2020,179420,38527120
Bolivia,BOL,2021,179424.89,38655164
Bolivia,BOL,2022,117368,38815400
Bolivia,BOL,2023,117367.5,38815400
Bosnia and Herzegovina,BIH,2004,,2169400
Bosnia and Herzegovina,BIH,2005,400,2157000
Bosnia and Herzegovina,BIH,2006,700,2159000
Bosnia and Herzegovina,BIH,2007,700,2149000
Bosnia and Herzegovina,BIH,2008,700,2130000
Bosnia and Herzegovina,BIH,2009,600,2128000
Bosnia and Herzegovina,BIH,2010,600,2144000
Bosnia and Herzegovina,BIH,2011,340,2151000
Bosnia and Herzegovina,BIH,2012,340,2156000
Bosnia and Herzegovina,BIH,2013,290,2161000
Bosnia and Herzegovina,BIH,2014,350,2157000
Bosnia and Herzegovina,BIH,2015,580,2176000
Bosnia and Herzegovina,BIH,2016,1000,2209000
Bosnia and Herzegovina,BIH,2017,1300,2228000
Bosnia and Herzegovina,BIH,2018,896,2211000
Bosnia and Herzegovina,BIH,2019,1690,2216000
Bosnia and Herzegovina,BIH,2020,1690,2242000
Bosnia and Herzegovina,BIH,2021,2495.4,2263000
Bosnia and Herzegovina,BIH,2022,2495.4,1117000
Bosnia and Herzegovina,BIH,2023,2495.4,1113000
Botswana,BWA,2004,,25827000
Botswana,BWA,2005,,25815000
Botswana,BWA,2006,,25803000
Botswana,BWA,2007,,25784000
Botswana,BWA,2008,,25881000
Botswana,BWA,2009,,25918000
Botswana,BWA,2010,,25861000
Botswana,BWA,2011,,25926000
Botswana,BWA,2012,,25887000
Botswana,BWA,2013,,25882000
Botswana,BWA,2014,,26004000
Botswana,BWA,2015,,25861600
Botswana,BWA,2016,,25861600
Botswana,BWA,2017,,25861600
Botswana,BWA,2018,,25861600
Botswana,BWA,2019,,25862000
Botswana,BWA,2020,,25862000
Botswana,BWA,2021,,25862000
Botswana,BWA,2022,,25862000
Botswana,BWA,2023,,25862000
Brazil,BRA,2004,,228738300
Brazil,BRA,2005,842000,228842000
Brazil,BRA,2006,517000,228951000
Brazil,BRA,2007,932120,229671790
Brazil,BRA,2008,932120,230392590
Brazil,BRA,2009,932120,231113400
Brazil,BRA,2010,932120,231834200
Brazil,BRA,2011,687040,232555000
Brazil,BRA,2012,705000,233275790
Brazil,BRA,2013,705000,233996590
Brazil,BRA,2014,750000,234717400
Brazil,BRA,2015,750000,235438000
Brazil,BRA,2016,750000,236159000
Brazil,BRA,2017,1137000,236879000
Brazil,BRA,2018,1188000,236854800
Brazil,BRA,2019,1283000,236830800
Brazil,BRA,2020,1319000,236806800
Brazil,BRA,2021,1482000,236782800
Brazil,BRA,2022,996413,236758800
Brazil,BRA,2023,1023089,236758800
British Virgin Islands,VGB,2004,,7000
British Virgin Islands,VGB,2005,,7000
British Virgin Islands,VGB,2006,,7000
British Virgin Islands,VGB,2007,,7000
British Virgin Islands,VGB,2008,,7000
British Virgin Islands,VGB,2009,,7000
British Virgin Islands,VGB,2010,,7000
British Virgin Islands,VGB,2011,,7000
British Virgin Islands,VGB,2012,,7000
British Virgin Islands,VGB,2013,,7000
British Virgin Islands,VGB,2014,,7000
British Virgin Islands,VGB,2015,,7000
British Virgin Islands,VGB,2016,,7000
British Virgin Islands,VGB,2017,,7000
British Virgin Islands,VGB,2018,,7000
British Virgin Islands,VGB,2019,,7000
British Virgin Islands,VGB,2020,26.1,7000
British Virgin Islands,VGB,2021,26.1,7000
British Virgin Islands,VGB,2022,26.1,7000
British Virgin Islands,VGB,2023,26.1,7000
Brunei,BRN,2004,,13000
Brunei,BRN,2005,,13000
Brunei,BRN,2006,,12300
Brunei,BRN,2007,,12400
Brunei,BRN,2008,,12400
Brunei,BRN,2009,,13400
Brunei,BRN,2010,,13400
Brunei,BRN,2011,,13400
Brunei,BRN,2012,,13400
Brunei,BRN,2013,,13400
Brunei,BRN,2014,,13400
Brunei,BRN,2015,,13400
Brunei,BRN,2016,,13400
Brunei,BRN,2017,,13400
Brunei,BRN,2018,,13400
Brunei,BRN,2019,,13400
Brunei,BRN,2020,,13400
Brunei,BRN,2021,,13400
Brunei,BRN,2022,,13400
Brunei,BRN,2023,,13400
Bulgaria,BGR,2004,,5330000
Bulgaria,BGR,2005,2400,5265000
Bulgaria,BGR,2006,4700,5190000
Bulgaria,BGR,2007,13600,5116000
Bulgaria,BGR,2008,16700,5101000
Bulgaria,BGR,2009,12320,5030000
Bulgaria,BGR,2010,25600,5052000
Bulgaria,BGR,2011,26600,5088000
Bulgaria,BGR,2012,40400,5123000
Bulgaria,BGR,2013,56000,4995000
Bulgaria,BGR,2014,74300,4977000
Bulgaria,BGR,2015,118800,5011900
Bulgaria,BGR,2016,160600,5021000
Bulgaria,BGR,2017,136600,5029520
Bulgaria,BGR,2018,146000,5030000
Bulgaria,BGR,2019,215000,5037000
Bulgaria,BGR,2020,116000,5047000
Bulgaria,BGR,2021,86000,5047000
Bulgaria,BGR,2022,110000,5022000
Bulgaria,BGR,2023,147798,5002990
Burkina Faso,BFA,2004,,11739440
Burkina Faso,BFA,2005,330,11881271
Burkina Faso,BFA,2006,4000,12019101
Burkina Faso,BFA,2007,7300,12149932
Burkina Faso,BFA,2008,16400,12288262
Burkina Faso,BFA,2009,14700,12431593
Burkina Faso,BFA,2010,13800,12591423
Burkina Faso,BFA,2011,19700,12793253
Burkina Faso,BFA,2012,15000,12949084
Burkina Faso,BFA,2013,16700,13164914
Burkina Faso,BFA,2014,20100,13320745
Burkina Faso,BFA,2015,23900,13486575
Burkina Faso,BFA,2016,27300,13632406
Burkina Faso,BFA,2017,58890,13778236
Burkina Faso,BFA,2018,56660,14007267
Burkina Faso,BFA,2019,87500,14138797
Burkina Faso,BFA,2020,66200,14270828
Burkina Faso,BFA,2021,79284.9,14410758
Burkina Faso,BFA,2022,91192,14596488
Burkina Faso,BFA,2023,286167.12,14610789
Burundi,BDI,2004,,1848000
Burundi,BDI,2005,330,1819000
Burundi,BDI,2006,400,1822000
Burundi,BDI,2007,,1825000
Burundi,BDI,2008,350,1828000
Burundi,BDI,2009,350,1831000
Burundi,BDI,2010,350,1833000
Burundi,BDI,2011,550,1841000
Burundi,BDI,2012,550,1860000
Burundi,BDI,2013,550,1887000
Burundi,BDI,2014,150,1914000
Burundi,BDI,2015,180,1941000
Burundi,BDI,2016,100,1968000
Burundi,BDI,2017,80,1995000
Burundi,BDI,2018,160,2022000
Burundi,BDI,2019,80,2049000
Burundi,BDI,2020,320,2076000
Burundi,BDI,2021,548.5,2103000
Burundi,BDI,2022,416,2126508.5
Burundi,BDI,2023,1751.2,2154206.8
Cambodia,KHM,2004,,5230000
Cambodia,KHM,2005,1000,5356000
Cambodia,KHM,2006,1500,5355000
Cambodia,KHM,2007,4300,5355000
Cambodia,KHM,2008,8800,5355000
Cambodia,KHM,2009,10700,5328732
Cambodia,KHM,2010,8080,5381411
Cambodia,KHM,2011,8280,5433196
Cambodia,KHM,2012,9060,5498757.5
Cambodia,KHM,2013,9890,5551985.5
Cambodia,KHM,2014,9890,5592614.5
Cambodia,KHM,2015,12100,5647944
Cambodia,KHM,2016,9720,5700004
Cambodia,KHM,2017,11000,5784624
Cambodia,KHM,2018,27550,5858364.5
Cambodia,KHM,2019,25760,5951597.5
Cambodia,KHM,2020,35880,6054882
Cambodia,KHM,2021,21112.2,6125239.5
Cambodia,KHM,2022,30694,6144940
Cambodia,KHM,2023,35542.598,6154340
Cameroon,CMR,2004,,9210000
Cameroon,CMR,2005,,9213000
Cameroon,CMR,2006,500,9213000
Cameroon,CMR,2007,300,9213000
Cameroon,CMR,2008,400,9263000
Cameroon,CMR,2009,300,9313000
Cameroon,CMR,2010,500,9700000
Cameroon,CMR,2011,800,9750000
Cameroon,CMR,2012,700,9750000
Cameroon,CMR,2013,700,9750000
Cameroon,CMR,2014,380,9750000
Cameroon,CMR,2015,380,9750000
Cameroon,CMR,2016,380,9750000
Cameroon,CMR,2017,1090,9770985
Cameroon,CMR,2018,1090,9791972
Cameroon,CMR,2019,204,9812957
Cameroon,CMR,2020,345,9833943
Cameroon,CMR,2021,1594,9854929
Cameroon,CMR,2022,1556,9875914
Cameroon,CMR,2023,2831.3,9896900
Canada,CAN,2004,542000,61801000
Canada,CAN,2005,578900,61656000
Canada,CAN,2006,605600,60584000
Canada,CAN,2007,556300,60008000
Canada,CAN,2008,628600,59432000
Canada,CAN,2009,703700,58856000
Canada,CAN,2010,703700,58280000
Canada,CAN,2011,841200,57699700
Canada,CAN,2012,833900,57771000
Canada,CAN,2013,869200,57842000
Canada,CAN,2014,904000,57913000
Canada,CAN,2015,944500,57985000
Canada,CAN,2016,1099000,58050000
Canada,CAN,2017,1191740,57867600
Canada,CAN,2018,1311570,57889200
Canada,CAN,2019,1321070,57687800
Canada,CAN,2020,1417610,57117400
Canada,CAN,2021,1215589.4,56991000
Canada,CAN,2022,1567077,57077000
Canada,CAN,2023,1288514,56875000
Cape Verde,CPV,2004,,76000
Cape Verde,CPV,2005,,76000
Cape Verde,CPV,2006,,76000
Cape Verde,CPV,2007,,76000
Cape Verde,CPV,2008,,78000
Cape Verde,CPV,2009,,78000
Cape Verde,CPV,2010,,78000
Cape Verde,CPV,2011,,79000
Cape Verde,CPV,2012,,79000
Cape Verde,CPV,2013,,79000
Cape Verde,CPV,2014,,79000
Cape Verde,CPV,2015,500,79000
Cape Verde,CPV,2016,500,79000
Cape Verde,CPV,2017,500,79000
Cape Verde,CPV,2018,500,79000
Cape Verde,CPV,2019,500,79000
Cape Verde,CPV,2020,3,79000
Cape Verde,CPV,2021,,79000
Cape Verde,CPV,2022,,79000
Cape Verde,CPV,2023,,79000
Caribbean (FAO),,2004,,11457711
Caribbean (FAO),,2005,88180,11654929
Caribbean (FAO),,2006,101040,11606280
Caribbean (FAO),,2007,137840,11625166
Caribbean (FAO),,2008,138140,11514788
Caribbean (FAO),,2009,176253,11563473
Caribbean (FAO),,2010,171042,11629806
Caribbean (FAO),,2011,165557,11614699
Caribbean (FAO),,2012,178244,11606572
Caribbean (FAO),,2013,217439,11696174
Caribbean (FAO),,2014,204415,11629080
Caribbean (FAO),,2015,173763,11575301
Caribbean (FAO),,2016,213956,11638451
Caribbean (FAO),,2017,218453,11675287
Caribbean (FAO),,2018,181079,11702863
Caribbean (FAO),,2019,141955,11607143
Caribbean (FAO),,2020,124067.1,11535855
Caribbean (FAO),,2021,127435,11546152
Caribbean (FAO),,2022,208084.39,11657335
Caribbean (FAO),,2023,150500.7,11688557
Cayman Islands,CYM,2004,,2700
Cayman Islands,CYM,2005,,2700
Cayman Islands,CYM,2006,,2700
Cayman Islands,CYM,2007,,2700
Cayman Islands,CYM,2008,,2700
Cayman Islands,CYM,2009,,2700
Cayman Islands,CYM,2010,,2700
Cayman Islands,CYM,2011,,2700
Cayman Islands,CYM,2012,,2700
Cayman Islands,CYM,2013,,2700
Cayman Islands,CYM,2014,,2700
Cayman Islands,CYM,2015,,2700
Cayman Islands,CYM,2016,,2700
Cayman Islands,CYM,2017,,2700
Cayman Islands,CYM,2018,,2700
Cayman Islands,CYM,2019,,2700
Cayman Islands,CYM,2020,,2700
Cayman Islands,CYM,2021,,2700
Cayman Islands,CYM,2022,,2700
Cayman Islands,CYM,2023,,2700
Central African Republic,CAF,2004,,4954000
Central African Republic,CAF,2005,,4951900
Central African Republic,CAF,2006,,4946800
Central African Republic,CAF,2007,,4950600
Central African Republic,CAF,2008,,4951400
Central African Republic,CAF,2009,,4945300
Central African Republic,CAF,2010,,4919600
Central African Republic,CAF,2011,,4889200
Central African Republic,CAF,2012,,4891800
Central African Republic,CAF,2013,,4897500
Central African Republic,CAF,2014,,4907700
Central African Republic,CAF,2015,,4917500
Central African Republic,CAF,2016,,4917000
Central African Republic,CAF,2017,,4917800
Central African Republic,CAF,2018,,5172000
Central African Republic,CAF,2019,,5494000
Central African Republic,CAF,2020,,5587300
Central African Republic,CAF,2021,,5610100
Central African Republic,CAF,2022,,5633100
Central African Republic,CAF,2023,,5668800
Central America (FAO),,2004,5200,125145300
Central America (FAO),,2005,394800,124937600
Central America (FAO),,2006,412500,124661750
Central America (FAO),,2007,502400,124908104
Central America (FAO),,2008,440100,121516700
Central America (FAO),,2009,412770,120774900
Central America (FAO),,2010,420070,119914500
Central America (FAO),,2011,456500,119463704
Central America (FAO),,2012,578450,118652600
Central America (FAO),,2013,603470,117574400
Central America (FAO),,2014,603610,116873100
Central America (FAO),,2015,695450,116967180
Central America (FAO),,2016,774590,116668630
Central America (FAO),,2017,776210,115345080
Central America (FAO),,2018,277850,114944830
Central America (FAO),,2019,478947,114552070
Central America (FAO),,2020,428703,118645896
Central America (FAO),,2021,432656.5,118666376
Central America (FAO),,2022,619681.06,117419320
Central America (FAO),,2023,548111.06,117084420
Central Asia (FAO),,2004,,289824500
Central Asia (FAO),,2005,200,289086000
Central Asia (FAO),,2006,2500,288364600
Central Asia (FAO),,2007,16950,287584200
Central Asia (FAO),,2008,169670,286615580
Central Asia (FAO),,2009,146670,286144000
Central Asia (FAO),,2010,149140,291179900
Central Asia (FAO),,2011,211970,290604000
Central Asia (FAO),,2012,306810,291084030
Central Asia (FAO),,2013,307010,291626940
Central Asia (FAO),,2014,310800,292668960
Central Asia (FAO),,2015,323700,292910300
Central Asia (FAO),,2016,324070,293652930
Central Asia (FAO),,2017,309130,294392450
Central Asia (FAO),,2018,223949,294783200
Central Asia (FAO),,2019,324622,293501000
Central Asia (FAO),,2020,160749,293798900
Central Asia (FAO),,2021,170723.61,293913500
Central Asia (FAO),,2022,198797,294262660
Central Asia (FAO),,2023,277304.7,293663460
Chad,TCD,2004,,48830000
Chad,TCD,2005,,48930000
Chad,TCD,2006,,48930000
Chad,TCD,2007,,48931000
Chad,TCD,2008,,48931000
Chad,TCD,2009,,49035000
Chad,TCD,2010,,49235000
Chad,TCD,2011,,49335000
Chad,TCD,2012,,49685000
Chad,TCD,2013,,50036000
Chad,TCD,2014,,50236000
Chad,TCD,2015,,50237000
Chad,TCD,2016,,50338000
Chad,TCD,2017,,50338000
Chad,TCD,2018,,50338000
Chad,TCD,2019,,50338000
Chad,TCD,2020,,50338000
Chad,TCD,2021,,50338000
Chad,TCD,2022,,50338000
Chad,TCD,2023,,50337300
Channel Islands,OWID_CIS,2004,350,7500
Channel Islands,OWID_CIS,2005,230,7600
Channel Islands,OWID_CIS,2006,350,8400
Channel Islands,OWID_CIS,2007,380,8200
Channel Islands,OWID_CIS,2008,430,8100.0005
Channel Islands,OWID_CIS,2009,370,8800
Channel Islands,OWID_CIS,2010,360,9110
Channel Islands,OWID_CIS,2011,250,9610
Channel Islands,OWID_CIS,2012,260,9560
Channel Islands,OWID_CIS,2013,240,9460
Channel Islands,OWID_CIS,2014,180,9520
Channel Islands,OWID_CIS,2015,170,9260
Channel Islands,OWID_CIS,2016,180,9290
Channel Islands,OWID_CIS,2017,180,9220
Channel Islands,OWID_CIS,2018,180,8570
Channel Islands,OWID_CIS,2019,180,8570
Channel Islands,OWID_CIS,2020,180,8570
Channel Islands,OWID_CIS,2021,180,8570
Channel Islands,OWID_CIS,2022,180,8570
Channel Islands,OWID_CIS,2023,180,8570
Chile,CHL,2004,21200,15935000
Chile,CHL,2005,22900,15885000
Chile,CHL,2006,8800,15800000
Chile,CHL,2007,12600,15732000
Chile,CHL,2008,13770,15417975
Chile,CHL,2009,77790,15103950
Chile,CHL,2010,31700,14718424
Chile,CHL,2011,28900,14417898
Chile,CHL,2012,15100,14037373
Chile,CHL,2013,17870,13716849
Chile,CHL,2014,19930,13350523
Chile,CHL,2015,20000,13027797
Chile,CHL,2016,16000,12638072
Chile,CHL,2017,19720,12303747
Chile,CHL,2018,17400,11888521
Chile,CHL,2019,20897,11465864
Chile,CHL,2020,158518,11070145
Chile,CHL,2021,152773,10817996
Chile,CHL,2022,187101,10637299
Chile,CHL,2023,287905,10697537
China,CHN,2004,,525248400
China,CHN,2005,2300000,525842240
China,CHN,2006,2300000,526436060
China,CHN,2007,1603000,527029950
China,CHN,2008,1853000,527623740
China,CHN,2009,1853000,528217630
China,CHN,2010,1390000,527462300
China,CHN,2011,1900000,526713000
China,CHN,2012,1900000,525960670
China,CHN,2013,2094000,525208400
China,CHN,2014,1925000,524456130
China,CHN,2015,1610000,523703800
China,CHN,2016,2281000,522952000
China,CHN,2017,3023000,522199000
China,CHN,2018,3135000,521447000
China,CHN,2019,2216000,520695000
China,CHN,2020,2435000,520601000
China,CHN,2021,2754000,520507000
China,CHN,2022,2898000,520413000
China,CHN,2023,3420457,520413000
China (FAO),,2004,,526091360
China (FAO),,2005,2301300,526682240
China (FAO),,2006,2301700,527272060
China (FAO),,2007,1605000,527861950
China (FAO),,2008,1855400,528451740
China (FAO),,2009,1856000,529038620
China (FAO),,2010,1393000,528280800
China (FAO),,2011,1905000,527526500
China (FAO),,2012,1905000,526768800
China (FAO),,2013,2099900,526013500
China (FAO),,2014,1930900,525260800
China (FAO),,2015,1616500,524505500
China (FAO),,2016,2287500,523751000
China (FAO),,2017,3029500,522997100
China (FAO),,2018,3143759,522242700
China (FAO),,2019,2225536,521490180
China (FAO),,2020,2445789,521395100
China (FAO),,2021,2765765.5,521298000
China (FAO),,2022,2911545,521197000
China (FAO),,2023,3438018,521196000
Colombia,COL,2004,,42391000
Colombia,COL,2005,45700,42557000
Colombia,COL,2006,50760,42174000
Colombia,COL,2007,44300,42436000
Colombia,COL,2008,47110,42614000
Colombia,COL,2009,47780,42540000
Colombia,COL,2010,40000,42503000
Colombia,COL,2011,41000,41721000
Colombia,COL,2012,41000,42617600
Colombia,COL,2013,31600,44815600
Colombia,COL,2014,31600,44800000
Colombia,COL,2015,31600,44784400
Colombia,COL,2016,31600,44768800
Colombia,COL,2017,31600,43487000
Colombia,COL,2018,22310,44048000
Colombia,COL,2019,30450,44354000
Colombia,COL,2020,39413,44209944
Colombia,COL,2021,100874,43014332
Colombia,COL,2022,100874,41763000
Colombia,COL,2023,29322.6,40483000
Comoros,COM,2004,,133000
Comoros,COM,2005,,133000
Comoros,COM,2006,,133000
Comoros,COM,2007,,133000
Comoros,COM,2008,1100,133000
Comoros,COM,2009,1300,133000
Comoros,COM,2010,1040,133000
Comoros,COM,2011,2600,133000
Comoros,COM,2012,2600,133000
Comoros,COM,2013,2600,133000
Comoros,COM,2014,1700,133000
Comoros,COM,2015,1500,133000
Comoros,COM,2016,2600,133000
Comoros,COM,2017,1440,133000
Comoros,COM,2018,2140,133000
Comoros,COM,2019,1160,133000
Comoros,COM,2020,1004.50006,133000
Comoros,COM,2021,936.8,133000
Comoros,COM,2022,699,133000
Comoros,COM,2023,262.2,133000
Congo,COG,2004,,10543281
Congo,COG,2005,,10545654
Congo,COG,2006,,10548771
Congo,COG,2007,,10549421
Congo,COG,2008,,10549976
Congo,COG,2009,,10563215
Congo,COG,2010,,10575404
Congo,COG,2011,,10596615
Congo,COG,2012,,10602008
Congo,COG,2013,,10630804
Congo,COG,2014,,10631416
Congo,COG,2015,,10623431
Congo,COG,2016,,10625457
Congo,COG,2017,,10626618
Congo,COG,2018,,10631497
Congo,COG,2019,,10657800
Congo,COG,2020,,10642700
Congo,COG,2021,,10672600
Congo,COG,2022,,10651300
Congo,COG,2023,,10651400
Cook Islands,COK,2004,,2600
Cook Islands,COK,2005,,2500
Cook Islands,COK,2006,,2400
Cook Islands,COK,2007,,2300
Cook Islands,COK,2008,,2200
Cook Islands,COK,2009,,2100
Cook Islands,COK,2010,20,2000
Cook Islands,COK,2011,20,1900
Cook Islands,COK,2012,20,1900
Cook Islands,COK,2013,20,1900
Cook Islands,COK,2014,10,1900
Cook Islands,COK,2015,10,1900
Cook Islands,COK,2016,10,1900
Cook Islands,COK,2017,30,1900
Cook Islands,COK,2018,24,1900
Cook Islands,COK,2019,15,1900
Cook Islands,COK,2020,15,1900
Cook Islands,COK,2021,15.5,1900
Cook Islands,COK,2022,9,1900
Cook Islands,COK,2023,9.1,1900
Costa Rica,CRI,2004,,1822000
Costa Rica,CRI,2005,9800,1805000
Costa Rica,CRI,2006,10700,1815000
Costa Rica,CRI,2007,7900,1800000
Costa Rica,CRI,2008,8000,1793000
Costa Rica,CRI,2009,8100.0005,1816000
Costa Rica,CRI,2010,11100,1819000
Costa Rica,CRI,2011,9700,1819000
Costa Rica,CRI,2012,9400,1812000
Costa Rica,CRI,2013,7400,1801000
Costa Rica,CRI,2014,7800,1785000
Costa Rica,CRI,2015,7800,1759188.9
Costa Rica,CRI,2016,7900,1742732.8
Costa Rica,CRI,2017,8700,1726276.8
Costa Rica,CRI,2018,8960,1721725.4
Costa Rica,CRI,2019,8830,1717174
Costa Rica,CRI,2020,11460,1712622.5
Costa Rica,CRI,2021,10299.7,1702477.5
Costa Rica,CRI,2022,12052,1692332.6
Costa Rica,CRI,2023,10961.8,1692332.6
Cote d'Ivoire,CIV,2004,,20162348
Cote d'Ivoire,CIV,2005,,20404656
Cote d'Ivoire,CIV,2006,13300,20681576
Cote d'Ivoire,CIV,2007,900,21007272
Cote d'Ivoire,CIV,2008,2900,20922972
Cote d'Ivoire,CIV,2009,17400,20892004
Cote d'Ivoire,CIV,2010,18130,20903986
Cote d'Ivoire,CIV,2011,20700,21051656
Cote d'Ivoire,CIV,2012,19500,21930508
Cote d'Ivoire,CIV,2013,19300,22542028
Cote d'Ivoire,CIV,2014,19550,23084168
Cote d'Ivoire,CIV,2015,40100,24465906
Cote d'Ivoire,CIV,2016,42000,23985670
Cote d'Ivoire,CIV,2017,50400,24710026
Cote d'Ivoire,CIV,2018,50570,25866780
Cote d'Ivoire,CIV,2019,66730,25924886
Cote d'Ivoire,CIV,2020,79120,26275012
Cote d'Ivoire,CIV,2021,78782.7,26836932
Cote d'Ivoire,CIV,2022,78782.7,26761868
Cote d'Ivoire,CIV,2023,104227.8,27499310
Croatia,HRV,2004,2220,1176000
Croatia,HRV,2005,2880,1211000
Croatia,HRV,2006,5870,1230000
Croatia,HRV,2007,7500,1202000
Croatia,HRV,2008,10000,1289100
Croatia,HRV,2009,14100,1299600
Croatia,HRV,2010,23300,1333800
Croatia,HRV,2011,32000,1326100
Croatia,HRV,2012,31900,1331000
Croatia,HRV,2013,40600,1567300
Croatia,HRV,2014,50100,1508500
Croatia,HRV,2015,75900,1537200
Croatia,HRV,2016,93600,1546000
Croatia,HRV,2017,96600,1497000
Croatia,HRV,2018,103200,1484000
Croatia,HRV,2019,108100,1504000
Croatia,HRV,2020,108600,1505000
Croatia,HRV,2021,121900,1476000
Croatia,HRV,2022,129399.99,1448000
Croatia,HRV,2023,119900,1486000
Cuba,CUB,2004,,6528000
Cuba,CUB,2005,15400,6637000
Cuba,CUB,2006,15400,6630000
Cuba,CUB,2007,14300,6620000
Cuba,CUB,2008,14300,6567000
Cuba,CUB,2009,14300,6513800
Cuba,CUB,2010,2100,6461200
Cuba,CUB,2011,2210,6407800
Cuba,CUB,2012,5300,6405600
Cuba,CUB,2013,7390,6342300
Cuba,CUB,2014,2980,6278880
Cuba,CUB,2015,4300,6240300
Cuba,CUB,2016,1300,6226700
Cuba,CUB,2017,6200,6300000
Cuba,CUB,2018,6200,6300000
Cuba,CUB,2019,2370,6401000
Cuba,CUB,2020,2130,6401000
Cuba,CUB,2021,2130,6401000
Cuba,CUB,2022,2129,6401000
Cuba,CUB,2023,4935.8003,6401000
Cyprus,CYP,2004,1020,156000
Cyprus,CYP,2005,1700,167000
Cyprus,CYP,2006,2000,157000
Cyprus,CYP,2007,2300,147200
Cyprus,CYP,2008,2000,115600
Cyprus,CYP,2009,3570,127600
Cyprus,CYP,2010,3570,114500
Cyprus,CYP,2011,3570,116300
Cyprus,CYP,2012,3900,116900
Cyprus,CYP,2013,4300,108830
Cyprus,CYP,2014,3900,108980
Cyprus,CYP,2015,4700,126680
Cyprus,CYP,2016,5600,109390
Cyprus,CYP,2017,5600,121420
Cyprus,CYP,2018,6000,132446.9
Cyprus,CYP,2019,6240,125328.4
Cyprus,CYP,2020,5918,127648
Cyprus,CYP,2021,7737,121606.3
Cyprus,CYP,2022,7749,123040.3
Cyprus,CYP,2023,10470,128996.305
Czechia,CZE,2004,263300,3631390
Czechia,CZE,2005,254000,3605490
Czechia,CZE,2006,254000,3565950
Czechia,CZE,2007,282000,3596700
Czechia,CZE,2008,342000,3571610
Czechia,CZE,2009,398000,3545870
Czechia,CZE,2010,448000,3523920
Czechia,CZE,2011,483000,3504040
Czechia,CZE,2012,476000,3525890
Czechia,CZE,2013,476000,3521000
Czechia,CZE,2014,477000,3516000
Czechia,CZE,2015,483000,3494000
Czechia,CZE,2016,491000,3488000
Czechia,CZE,2017,505000,3521000
Czechia,CZE,2018,522000,3523000
Czechia,CZE,2019,541000,3523659
Czechia,CZE,2020,543000,3523871
Czechia,CZE,2021,558000,3529797
Czechia,CZE,2022,575193,3530423
Czechia,CZE,2023,594506,3534414
Democratic Republic of Congo,COD,2004,,25550000
Democratic Republic of Congo,COD,2005,,25550000
Democratic Republic of Congo,COD,2006,8800,25586000
Democratic Republic of Congo,COD,2007,6100,25650000
Democratic Republic of Congo,COD,2008,7900,25700000
Democratic Republic of Congo,COD,2009,6700,26887000
Democratic Republic of Congo,COD,2010,33000,28429000
Democratic Republic of Congo,COD,2011,41000,29636000
Democratic Republic of Congo,COD,2012,51800,30886000
Democratic Republic of Congo,COD,2013,51840,31430000
Democratic Republic of Congo,COD,2014,89060,32249000
Democratic Republic of Congo,COD,2015,94400,32450000
Democratic Republic of Congo,COD,2016,94400,32672000
Democratic Republic of Congo,COD,2017,60620,33289700
Democratic Republic of Congo,COD,2018,61000,33614800
Democratic Republic of Congo,COD,2019,89000,33836900
Democratic Republic of Congo,COD,2020,118000,33877500
Democratic Republic of Congo,COD,2021,89000,33881184
Democratic Republic of Congo,COD,2022,116000,34694084
Democratic Republic of Congo,COD,2023,108297,35095664
Denmark,DNK,2004,154900,2646000
Denmark,DNK,2005,134100,2707000
Denmark,DNK,2006,138080,2710000
Denmark,DNK,2007,150200,2663000
Denmark,DNK,2008,150100,2668000
Denmark,DNK,2009,156400,2634000
Denmark,DNK,2010,162900,2626000
Denmark,DNK,2011,162200,2690000
Denmark,DNK,2012,175000,2624000
Denmark,DNK,2013,169300,2628000
Denmark,DNK,2014,173185,2652631
Denmark,DNK,2015,176433,2633899
Denmark,DNK,2016,202000,2625100
Denmark,DNK,2017,234000,2631300
Denmark,DNK,2018,266000,2632500
Denmark,DNK,2019,295000,2625965
Denmark,DNK,2020,304000,2619987
Denmark,DNK,2021,308000,2618000
Denmark,DNK,2022,305000,2624000
Denmark,DNK,2023,299000,2621000
Djibouti,DJI,2004,,1701700
Djibouti,DJI,2005,,1701700
Djibouti,DJI,2006,,1702000
Djibouti,DJI,2007,,1702200
Djibouti,DJI,2008,,1701900
Djibouti,DJI,2009,,1702000
Djibouti,DJI,2010,,1702300
Djibouti,DJI,2011,,1702800
Djibouti,DJI,2012,,1702800
Djibouti,DJI,2013,,1702800
Djibouti,DJI,2014,,1702800
Djibouti,DJI,2015,,1702800
Djibouti,DJI,2016,,1702800
Djibouti,DJI,2017,,1702800
Djibouti,DJI,2018,,1702800
Djibouti,DJI,2019,,1702800
Djibouti,DJI,2020,,1703800
Djibouti,DJI,2021,,1703800
Djibouti,DJI,2022,,1703800
Djibouti,DJI,2023,,1703900
Dominica,DMA,2004,,22000
Dominica,DMA,2005,,22000
Dominica,DMA,2006,,22000
Dominica,DMA,2007,,22000
Dominica,DMA,2008,,22000
Dominica,DMA,2009,,23000
Dominica,DMA,2010,,25000
Dominica,DMA,2011,240,25000
Dominica,DMA,2012,240,25000
Dominica,DMA,2013,240,25000
Dominica,DMA,2014,240,25000
Dominica,DMA,2015,240,25000
Dominica,DMA,2016,240,25000
Dominica,DMA,2017,240,25000
Dominica,DMA,2018,240,25000
Dominica,DMA,2019,240,25000
Dominica,DMA,2020,,25000
Dominica,DMA,2021,2907.2002,25000
Dominica,DMA,2022,2907.2002,25000
Dominica,DMA,2023,2907.2002,25000
Dominican Republic,DOM,2004,,2322881
Dominican Republic,DOM,2005,72400,2332928.8
Dominican Republic,DOM,2006,85200,2300670.5
Dominican Republic,DOM,2007,123100,2313845.8
Dominican Republic,DOM,2008,123100,2269748.2
Dominican Republic,DOM,2009,161100,2324803
Dominican Republic,DOM,2010,167900,2297765.5
Dominican Republic,DOM,2011,161100,2319659.2
Dominican Republic,DOM,2012,170900,2303132
Dominican Republic,DOM,2013,205800,2419133.2
Dominican Republic,DOM,2014,197800,2428559.5
Dominican Republic,DOM,2015,164000,2420161.2
Dominican Republic,DOM,2016,205300,2503711.5
Dominican Republic,DOM,2017,205300,2530787.2
Dominican Republic,DOM,2018,169030,2578112.8
Dominican Republic,DOM,2019,134370,2588292.5
Dominican Republic,DOM,2020,117310,2521932.2
Dominican Republic,DOM,2021,117311.8,2526093.5
Dominican Republic,DOM,2022,196572,2636148.5
Dominican Republic,DOM,2023,136836.39,2667909
East Timor,TLS,2004,,333400
East Timor,TLS,2005,21500,333000
East Timor,TLS,2006,23600,332600
East Timor,TLS,2007,23800,332200
East Timor,TLS,2008,26100,336800
East Timor,TLS,2009,25000,338400
East Timor,TLS,2010,24750,338000
East Timor,TLS,2011,24750,338600
East Timor,TLS,2012,24690,339100
East Timor,TLS,2013,24690,339600
East Timor,TLS,2014,25500,340100
East Timor,TLS,2015,25200,340600
East Timor,TLS,2016,28300,341100
East Timor,TLS,2017,31280,341600
East Timor,TLS,2018,59787,342100
East Timor,TLS,2019,32470.002,341400
East Timor,TLS,2020,32310.002,341400
East Timor,TLS,2021,32310.002,341400
East Timor,TLS,2022,32310.002,341400
East Timor,TLS,2023,31447.3,341400
Eastern Africa (FAO),,2004,,288517600
Eastern Africa (FAO),,2005,235530,289967360
Eastern Africa (FAO),,2006,399800,292218080
Eastern Africa (FAO),,2007,516840.03,293836960
Eastern Africa (FAO),,2008,422110,294923070
Eastern Africa (FAO),,2009,456080,296698850
Eastern Africa (FAO),,2010,483474,297822980
Eastern Africa (FAO),,2011,538649,299854750
Eastern Africa (FAO),,2012,636885,329083400
Eastern Africa (FAO),,2013,642672,330295260
Eastern Africa (FAO),,2014,651331,330974140
Eastern Africa (FAO),,2015,995503,331709760
Eastern Africa (FAO),,2016,965861,332614430
Eastern Africa (FAO),,2017,1008185,333083700
Eastern Africa (FAO),,2018,964968,334222340
Eastern Africa (FAO),,2019,1033353,334855600
Eastern Africa (FAO),,2020,1031828.4,335493700
Eastern Africa (FAO),,2021,1401772.1,335928060
Eastern Africa (FAO),,2022,1384155.6,335650300
Eastern Africa (FAO),,2023,1561588.6,335716480
Eastern Asia (FAO),,2004,,649785900
Eastern Asia (FAO),,2005,2307400,650161500
Eastern Asia (FAO),,2006,2310300,651505340
Eastern Asia (FAO),,2007,1621330,652005300
Eastern Asia (FAO),,2008,1876490,652431200
Eastern Asia (FAO),,2009,1878370,652744500
Eastern Asia (FAO),,2010,1417570,651890100
Eastern Asia (FAO),,2011,1933700,651021500
Eastern Asia (FAO),,2012,1941100,650161000
Eastern Asia (FAO),,2013,2144600,649335740
Eastern Asia (FAO),,2014,1959800,648190300
Eastern Asia (FAO),,2015,1644640,647382500
Eastern Asia (FAO),,2016,2317630,646428540
Eastern Asia (FAO),,2017,3060160,645516000
Eastern Asia (FAO),,2018,3179887,644671700
Eastern Asia (FAO),,2019,2266100,643594100
Eastern Asia (FAO),,2020,2496563,642776200
Eastern Asia (FAO),,2021,2818662.2,642575550
Eastern Asia (FAO),,2022,2967421,642011200
Eastern Asia (FAO),,2023,3495636.8,637433540
Eastern Europe (FAO),,2004,474870,316029380
Eastern Europe (FAO),,2005,880740,315192500
Eastern Europe (FAO),,2006,954080,314712930
Eastern Europe (FAO),,2007,1233080,313678700
Eastern Europe (FAO),,2008,1387950,313818620
Eastern Europe (FAO),,2009,1660780,313697900
Eastern Europe (FAO),,2010,1800980,312592640
Eastern Europe (FAO),,2011,2059020,312731740
Eastern Europe (FAO),,2012,2205150,312223300
Eastern Europe (FAO),,2013,2355600,312173600
Eastern Europe (FAO),,2014,2472000,311844320
Eastern Europe (FAO),,2015,2564380,311781700
Eastern Europe (FAO),,2016,2514164,311431580
Eastern Europe (FAO),,2017,2760090,311366820
Eastern Europe (FAO),,2018,2812311,311197100
Eastern Europe (FAO),,2019,3330750,311526240
Eastern Europe (FAO),,2020,3273094,310709660
Eastern Europe (FAO),,2021,3427844,310503200
Eastern Europe (FAO),,2022,2938331,309695420
Eastern Europe (FAO),,2023,3268154,310226430
Ecuador,ECU,2004,,7527000
Ecuador,ECU,2005,,7500000
Ecuador,ECU,2006,,7444000
Ecuador,ECU,2007,49200,7412000
Ecuador,ECU,2008,71080,7445000
Ecuador,ECU,2009,69320,7534400
Ecuador,ECU,2010,65000,7497700
Ecuador,ECU,2011,52200,7346100
Ecuador,ECU,2012,56000,7506900
Ecuador,ECU,2013,42800,7513000
Ecuador,ECU,2014,45800,5475000
Ecuador,ECU,2015,45800,5789000
Ecuador,ECU,2016,39800,5516000
Ecuador,ECU,2017,41790,5590000
Ecuador,ECU,2018,41790,5448000
Ecuador,ECU,2019,47800,5330000
Ecuador,ECU,2020,41540,5420000
Ecuador,ECU,2021,52184.6,5470000
Ecuador,ECU,2022,61570,5348000
Ecuador,ECU,2023,72601.4,5350000
Egypt,EGY,2004,,3478000
Egypt,EGY,2005,24600,3523000
Egypt,EGY,2006,14200,3533000
Egypt,EGY,2007,19200,3538000
Egypt,EGY,2008,40000,3542000
Egypt,EGY,2009,56000,3689000
Egypt,EGY,2010,82000,3671000
Egypt,EGY,2011,82000,3620000
Egypt,EGY,2012,82000,3696000
Egypt,EGY,2013,85800,3730970
Egypt,EGY,2014,85800,3715190
Egypt,EGY,2015,85800,3789877.2
Egypt,EGY,2016,105910,3733765.5
Egypt,EGY,2017,105910,3836968.8
Egypt,EGY,2018,116000,3863000
Egypt,EGY,2019,116000,3922000
Egypt,EGY,2020,116000,3971000
Egypt,EGY,2021,116000,4031000
Egypt,EGY,2022,116000,4058000
Egypt,EGY,2023,115999.7,4058000
El Salvador,SLV,2004,,1280700
El Salvador,SLV,2005,5300,1218600
El Salvador,SLV,2006,7500,1216900
El Salvador,SLV,2007,7500,1241300
El Salvador,SLV,2008,6700,1237500
El Salvador,SLV,2009,6730,1233700
El Salvador,SLV,2010,6730,1229900
El Salvador,SLV,2011,6730,1226000
El Salvador,SLV,2012,6730,1222200
El Salvador,SLV,2013,6730,1218400
El Salvador,SLV,2014,6730,1214200
El Salvador,SLV,2015,13730,1223000
El Salvador,SLV,2016,1430,1214100
El Salvador,SLV,2017,1680,1205200
El Salvador,SLV,2018,1680,1195700
El Salvador,SLV,2019,1710,1195700
El Salvador,SLV,2020,2570,1195700
El Salvador,SLV,2021,2564.5,1195700
El Salvador,SLV,2022,2087,1195700
El Salvador,SLV,2023,1959.8,1195700
Equatorial Guinea,GNQ,2004,,102850
Equatorial Guinea,GNQ,2005,,102980
Equatorial Guinea,GNQ,2006,,103110
Equatorial Guinea,GNQ,2007,,103240
Equatorial Guinea,GNQ,2008,,103370
Equatorial Guinea,GNQ,2009,,103500
Equatorial Guinea,GNQ,2010,,103630
Equatorial Guinea,GNQ,2011,,103760
Equatorial Guinea,GNQ,2012,,103890
Equatorial Guinea,GNQ,2013,,104020
Equatorial Guinea,GNQ,2014,,104150
Equatorial Guinea,GNQ,2015,,104280
Equatorial Guinea,GNQ,2016,,104410
Equatorial Guinea,GNQ,2017,,104540
Equatorial Guinea,GNQ,2018,,104670
Equatorial Guinea,GNQ,2019,,104800
Equatorial Guinea,GNQ,2020,,104920
Equatorial Guinea,GNQ,2021,,104920
Equatorial Guinea,GNQ,2022,,104920
Equatorial Guinea,GNQ,2023,,104720
Eritrea,ERI,2004,,7500000
Eritrea,ERI,2005,,7522000
Eritrea,ERI,2006,,7572000
Eritrea,ERI,2007,,7572000
Eritrea,ERI,2008,,7572000
Eritrea,ERI,2009,,7592000
Eritrea,ERI,2010,,7592000
Eritrea,ERI,2011,,7592000
Eritrea,ERI,2012,,7592000
Eritrea,ERI,2013,,7592000
Eritrea,ERI,2014,,7592000
Eritrea,ERI,2015,,7592000
Eritrea,ERI,2016,,7592000
Eritrea,ERI,2017,,7592000
Eritrea,ERI,2018,,7592000
Eritrea,ERI,2019,,7592000
Eritrea,ERI,2020,,7592000
Eritrea,ERI,2021,,7592000
Eritrea,ERI,2022,,7592000
Eritrea,ERI,2023,,7592000
Estonia,EST,2004,45000,770400
Estonia,EST,2005,58400,881900
Estonia,EST,2006,71800,898500
Estonia,EST,2007,79200,914600
Estonia,EST,2008,87200,906800
Estonia,EST,2009,97000,931800
Estonia,EST,2010,121000,948800
Estonia,EST,2011,134000,946000
Estonia,EST,2012,144000,955900
Estonia,EST,2013,151000,965000
Estonia,EST,2014,155600,974000
Estonia,EST,2015,155800,993000
Estonia,EST,2016,180900,1003000
Estonia,EST,2017,196400,982000
Estonia,EST,2018,206600,985000
Estonia,EST,2019,220737,988400
Estonia,EST,2020,220800,985000
Estonia,EST,2021,226600,987000
Estonia,EST,2022,231000,986000
Estonia,EST,2023,225000,988000
Eswatini,SWZ,2004,,1224000
Eswatini,SWZ,2005,,1224000
Eswatini,SWZ,2006,,1223000
Eswatini,SWZ,2007,,1223000
Eswatini,SWZ,2008,20,1223000
Eswatini,SWZ,2009,50,1224000
Eswatini,SWZ,2010,10,1221043.4
Eswatini,SWZ,2011,10,1221000
Eswatini,SWZ,2012,10,1220000
Eswatini,SWZ,2013,0,1218746.5
Eswatini,SWZ,2014,10,1216000
Eswatini,SWZ,2015,570,1212000
Eswatini,SWZ,2016,10,1208000
Eswatini,SWZ,2017,190,1204000
Eswatini,SWZ,2018,190,1201000
Eswatini,SWZ,2019,840,1197000
Eswatini,SWZ,2020,1156,1195000
Eswatini,SWZ,2021,3539.5,1195000
Eswatini,SWZ,2022,8670,1195000
Eswatini,SWZ,2023,2878.3,1195000
Ethiopia,ETH,2004,,33101000
Ethiopia,ETH,2005,,33591000
Ethiopia,ETH,2006,112600,34219000
Ethiopia,ETH,2007,140300,35077000
Ethiopia,ETH,2008,99900,34513000
Ethiopia,ETH,2009,122700,34985000
Ethiopia,ETH,2010,137000,35683000
Ethiopia,ETH,2011,140200,36325200
Ethiopia,ETH,2012,164700,36488000
Ethiopia,ETH,2013,160990,36781748
Ethiopia,ETH,2014,160990,36955244
Ethiopia,ETH,2015,186200,37204684
Ethiopia,ETH,2016,186200,37364590
Ethiopia,ETH,2017,186200,37540100
Ethiopia,ETH,2018,186200,37903000
Ethiopia,ETH,2019,209930,38190000
Ethiopia,ETH,2020,234650,38476100
Ethiopia,ETH,2021,332519.1,38770340
Ethiopia,ETH,2022,238146,38456932
Ethiopia,ETH,2023,438745,38456932
Europe,OWID_EUR,2004,5764855,475794020
Europe,OWID_EUR,2005,6569222.5,475130780
Europe,OWID_EUR,2006,6991111.5,472556960
Europe,OWID_EUR,2007,7497850,470014750
Europe,OWID_EUR,2008,8121287.5,470957440
Europe,OWID_EUR,2009,8918071,469419200
Europe,OWID_EUR,2010,9548328,467843800
Europe,OWID_EUR,2011,10106779,466803800
Europe,OWID_EUR,2012,10772343,465908300
Europe,OWID_EUR,2013,10890182,465439600
Europe,OWID_EUR,2014,11211741,463520640
Europe,OWID_EUR,2015,12202890,463164830
Europe,OWID_EUR,2016,12889283,462411800
Europe,OWID_EUR,2017,13790848,462369470
Europe,OWID_EUR,2018,14660779,461513540
Europe,OWID_EUR,2019,15718153,462830660
Europe,OWID_EUR,2020,16576970,460625820
Europe,OWID_EUR,2021,17566570,460209020
Europe,OWID_EUR,2022,17800082,458982050
Europe,OWID_EUR,2023,19081878,456671420
Europe (FAO),,2004,5764185,475645500
Europe (FAO),,2005,6567752.5,474971360
Europe (FAO),,2006,6989461.5,472408350
Europe (FAO),,2007,7495930,469875740
Europe (FAO),,2008,8119717.5,470849950
Europe (FAO),,2009,8914871,469300400
Europe (FAO),,2010,9545118,467738400
Europe (FAO),,2011,10103459,466697120
Europe (FAO),,2012,10768703,465800930
Europe (FAO),,2013,10886122,465340260
Europe (FAO),,2014,11208021,463421150
Europe (FAO),,2015,12198359,463047400
Europe (FAO),,2016,12883863,462311680
Europe (FAO),,2017,13785429,462257280
Europe (FAO),,2018,14654959,461389660
Europe (FAO),,2019,15712094,462713920
Europe (FAO),,2020,16571232,460506750
Europe (FAO),,2021,17559012,460096000
Europe (FAO),,2022,17792514,458867600
Europe (FAO),,2023,19071588,456551000
European Union (27),OWID_EU27,2004,4950110,175135410
European Union (27),OWID_EU27,2005,5554930,175050480
European Union (27),OWID_EU27,2006,5974450,173319620
European Union (27),OWID_EU27,2007,6379340,171187920
European Union (27),OWID_EU27,2008,6900150,171988430
European Union (27),OWID_EU27,2009,7625320,170956480
European Union (27),OWID_EU27,2010,8333170,169417310
European Union (27),OWID_EU27,2011,8847520,168447900
European Union (27),OWID_EU27,2012,9535630,167526510
European Union (27),OWID_EU27,2013,9567310,167130340
European Union (27),OWID_EU27,2014,9795225,165475120
European Union (27),OWID_EU27,2015,10654563,165268050
European Union (27),OWID_EU27,2016,11446246,164301550
European Union (27),OWID_EU27,2017,12082596,164233650
European Union (27),OWID_EU27,2018,13016671,163729000
European Union (27),OWID_EU27,2019,13824235,164959180
European Union (27),OWID_EU27,2020,14733736,162877010
European Union (27),OWID_EU27,2021,15695876,162628130
European Union (27),OWID_EU27,2022,16548695,162454740
European Union (27),OWID_EU27,2023,17705710,160832960
Falkland Islands,FLK,2004,,1132400
Falkland Islands,FLK,2005,,1133500
Falkland Islands,FLK,2006,,1133700
Falkland Islands,FLK,2007,,1135900
Falkland Islands,FLK,2008,414500,1126400
Falkland Islands,FLK,2009,395900,1124000
Falkland Islands,FLK,2010,398800,1109500
Falkland Islands,FLK,2011,398800,1143500
Falkland Islands,FLK,2012,403200,1127600
Falkland Islands,FLK,2013,403200,1119800
Falkland Islands,FLK,2014,403200,1114500
Falkland Islands,FLK,2015,195200,1115900
Falkland Islands,FLK,2016,135600,1123400
Falkland Islands,FLK,2017,31940,1139800
Falkland Islands,FLK,2018,31940,1141600
Falkland Islands,FLK,2019,31940,1129700
Falkland Islands,FLK,2020,31940,1135700
Falkland Islands,FLK,2021,31940,1130200
Falkland Islands,FLK,2022,31940,1138000
Falkland Islands,FLK,2023,31937,1134175
Faroe Islands,FRO,2004,,96539
Faroe Islands,FRO,2005,,96539
Faroe Islands,FRO,2006,,96539
Faroe Islands,FRO,2007,,96539
Faroe Islands,FRO,2008,,96539
Faroe Islands,FRO,2009,10,96410
Faroe Islands,FRO,2010,250,96395
Faroe Islands,FRO,2011,250,96403
Faroe Islands,FRO,2012,250,96403
Faroe Islands,FRO,2013,250,96403
Faroe Islands,FRO,2014,250,96418
Faroe Islands,FRO,2015,250,96418
Faroe Islands,FRO,2016,250,96350
Faroe Islands,FRO,2017,250,96350
Faroe Islands,FRO,2018,250,96335
Faroe Islands,FRO,2019,250,96335
Faroe Islands,FRO,2020,250,96070
Faroe Islands,FRO,2021,250,96070
Faroe Islands,FRO,2022,250,96000
Faroe Islands,FRO,2023,250.6,96070
Fiji,FJI,2004,,348600
Fiji,FJI,2005,100,342800
Fiji,FJI,2006,100,337000
Fiji,FJI,2007,100,331200
Fiji,FJI,2008,100,325400
Fiji,FJI,2009,100,319800
Fiji,FJI,2010,100,319100
Fiji,FJI,2011,2000,318400
Fiji,FJI,2012,2200,317700
Fiji,FJI,2013,2160,317000
Fiji,FJI,2014,9200,316300
Fiji,FJI,2015,10900,315600
Fiji,FJI,2016,13400,314900
Fiji,FJI,2017,16600,314200
Fiji,FJI,2018,41154.098,313500
Fiji,FJI,2019,22612,312800
Fiji,FJI,2020,19303,311600
Fiji,FJI,2021,30194.201,311600
Fiji,FJI,2022,19089,311600
Fiji,FJI,2023,12868.2,311600
Finland,FIN,2004,162000,2253000
Finland,FIN,2005,147000,2273800
Finland,FIN,2006,145000,2300800
Finland,FIN,2007,149000,2294900
Finland,FIN,2008,151000,2296400
Finland,FIN,2009,166000,2296500
Finland,FIN,2010,169000,2291900
Finland,FIN,2011,188000,2286600
Finland,FIN,2012,198000,2285100
Finland,FIN,2013,206000,2258500
Finland,FIN,2014,211000,2267100
Finland,FIN,2015,225000,2273400
Finland,FIN,2016,238200,2275000
Finland,FIN,2017,258700.02,2270000
Finland,FIN,2018,297400,2272000
Finland,FIN,2019,306500,2274000
Finland,FIN,2020,316200,2270000
Finland,FIN,2021,365400,2268000
Finland,FIN,2022,339500,2266000
Finland,FIN,2023,305500,2262000
France,FRA,2004,534100,29458400
France,FRA,2005,550500,29390400
France,FRA,2006,552800,29312700
France,FRA,2007,557100,29206100
France,FRA,2008,583300,29110100
France,FRA,2009,676400,29019900
France,FRA,2010,845400,28926300
France,FRA,2011,971800,28878600
France,FRA,2012,1029500,28844800
France,FRA,2013,1061000,28773700
France,FRA,2014,1119000,28766500
France,FRA,2015,1323000,28726900
France,FRA,2016,1537000,28718022
France,FRA,2017,1744400,28697498
France,FRA,2018,2035000,28660100
France,FRA,2019,2241000,28518850
France,FRA,2020,2518094.8,28418656
France,FRA,2021,2744202.5,28425154
France,FRA,2022,2822012,28388592
France,FRA,2023,2767828,28297244
French Guiana,GUF,2004,,23000
French Guiana,GUF,2005,,23000
French Guiana,GUF,2006,,23600
French Guiana,GUF,2007,,23500
French Guiana,GUF,2008,2400,23800
French Guiana,GUF,2009,2700,24100
French Guiana,GUF,2010,1526,24300
French Guiana,GUF,2011,1946,23800
French Guiana,GUF,2012,2157,26400
French Guiana,GUF,2013,2702,28700
French Guiana,GUF,2014,2002.0001,30600
French Guiana,GUF,2015,2746,31300
French Guiana,GUF,2016,3051,32099.998
French Guiana,GUF,2017,3061,32520
French Guiana,GUF,2018,2962,32520
French Guiana,GUF,2019,3670,32520
French Guiana,GUF,2020,3677,37058
French Guiana,GUF,2021,3874,36341
French Guiana,GUF,2022,3606,37640
French Guiana,GUF,2023,4213,42004
French Polynesia,PYF,2004,,34134.2
French Polynesia,PYF,2005,,33862.5
French Polynesia,PYF,2006,,33590.902
French Polynesia,PYF,2007,,33319.2
French Polynesia,PYF,2008,,33047.6
French Polynesia,PYF,2009,,32275.902
French Polynesia,PYF,2010,1730,32004.299
French Polynesia,PYF,2011,100,32732.602
French Polynesia,PYF,2012,2500,32460.998
French Polynesia,PYF,2013,2500,31970.5
French Polynesia,PYF,2014,90,31479.9
French Polynesia,PYF,2015,170,30989.4
French Polynesia,PYF,2016,14200,30498.8
French Polynesia,PYF,2017,1500,31008.3
French Polynesia,PYF,2018,1580,31517.7
French Polynesia,PYF,2019,1697,31027.201
French Polynesia,PYF,2020,260,31536.6
French Polynesia,PYF,2021,1592.5,31046.102
French Polynesia,PYF,2022,386,30555.5
French Polynesia,PYF,2023,672,30065
Gabon,GAB,2004,,2087236.1
Gabon,GAB,2005,,2092294.9
Gabon,GAB,2006,,2097354
Gabon,GAB,2007,,2102413
Gabon,GAB,2008,,2107472
Gabon,GAB,2009,,2112531
Gabon,GAB,2010,,2117590
Gabon,GAB,2011,,2129472
Gabon,GAB,2012,,2141354
Gabon,GAB,2013,,2153236
Gabon,GAB,2014,,2153236
Gabon,GAB,2015,,2153236
Gabon,GAB,2016,,2153236
Gabon,GAB,2017,,2153236
Gabon,GAB,2018,,2153236
Gabon,GAB,2019,,2153236
Gabon,GAB,2020,,2153236
Gabon,GAB,2021,,2153236
Gabon,GAB,2022,,2153236
Gabon,GAB,2023,,2153236
Gambia,GMB,2004,,478000
Gambia,GMB,2005,,485000
Gambia,GMB,2006,,496000
Gambia,GMB,2007,,496000
Gambia,GMB,2008,,566000
Gambia,GMB,2009,,622000
Gambia,GMB,2010,,644000
Gambia,GMB,2011,,644000
Gambia,GMB,2012,,644000
Gambia,GMB,2013,,644000
Gambia,GMB,2014,,644000
Gambia,GMB,2015,,644000
Gambia,GMB,2016,,644000
Gambia,GMB,2017,,634000
Gambia,GMB,2018,,634000
Gambia,GMB,2019,,634000
Gambia,GMB,2020,,634000
Gambia,GMB,2021,,634000
Gambia,GMB,2022,,634000
Gambia,GMB,2023,,634000
Georgia,GEO,2004,,2492000
Georgia,GEO,2005,100,2520000
Georgia,GEO,2006,300,2518000
Georgia,GEO,2007,300,2517000
Georgia,GEO,2008,300,2514000
Georgia,GEO,2009,1210,2498000
Georgia,GEO,2010,1400,2460000
Georgia,GEO,2011,2000,2442400
Georgia,GEO,2012,2000,2435000
Georgia,GEO,2013,2000,2486100
Georgia,GEO,2014,1300,2416000
Georgia,GEO,2015,1500,2418100
Georgia,GEO,2016,1500,2394000
Georgia,GEO,2017,1500,2384800
Georgia,GEO,2018,1452,2374200
Georgia,GEO,2019,1452,2372600
Georgia,GEO,2020,1572,2377900
Georgia,GEO,2021,4277.8003,2379900
Georgia,GEO,2022,5303,2383900
Georgia,GEO,2023,5870.8,2371900
Germany,DEU,2004,767900,17013000
Germany,DEU,2005,807400,17031000
Germany,DEU,2006,825500,16946000
Germany,DEU,2007,865300,16950000
Germany,DEU,2008,907800,16921000
Germany,DEU,2009,947100,16886000
Germany,DEU,2010,990700,16700000
Germany,DEU,2011,1015600,16719000
Germany,DEU,2012,1034000,16664000
Germany,DEU,2013,1045000,16697000
Germany,DEU,2014,1048000,16725000
Germany,DEU,2015,1088800,16731000
Germany,DEU,2016,1135500,16659000
Germany,DEU,2017,1138300,16687000
Germany,DEU,2018,1221300,16645000
Germany,DEU,2019,1290800,16666000
Germany,DEU,2020,1592700,16595000
Germany,DEU,2021,1601300,16591000
Germany,DEU,2022,1605500,16595000
Germany,DEU,2023,1852700,16586000
Ghana,GHA,2004,,11869574
Ghana,GHA,2005,17300,12119580
Ghana,GHA,2006,22300,12043792
Ghana,GHA,2007,24500,12472252
Ghana,GHA,2008,26700,12004761
Ghana,GHA,2009,29100,12310466
Ghana,GHA,2010,12000,12400438
Ghana,GHA,2011,19900,12307846
Ghana,GHA,2012,28200,12350339
Ghana,GHA,2013,28200,12463076
Ghana,GHA,2014,15600,12374655
Ghana,GHA,2015,23400,12415515
Ghana,GHA,2016,21300,12357942
Ghana,GHA,2017,15300,12083964
Ghana,GHA,2018,29660,12217542
Ghana,GHA,2019,31200,12479975
Ghana,GHA,2020,72800,12603740
Ghana,GHA,2021,38260,12603740
Ghana,GHA,2022,71491,12603740
Ghana,GHA,2023,125469.1,12603740
Greece,GRC,2004,249500,8080000
Greece,GRC,2005,288700,8005000
Greece,GRC,2006,302300,7863000
Greece,GRC,2007,222100,7753000
Greece,GRC,2008,317800,7657000
Greece,GRC,2009,326300,7560000
Greece,GRC,2010,309800,7489000
Greece,GRC,2011,205300,7396000
Greece,GRC,2012,462600,7283000
Greece,GRC,2013,383700,7153000
Greece,GRC,2014,362900,6201000
Greece,GRC,2015,407100,6199000
Greece,GRC,2016,342600,6136000
Greece,GRC,2017,410100,6053541
Greece,GRC,2018,492600,5943690.5
Greece,GRC,2019,528752,5863566.5
Greece,GRC,2020,534629,5624660.5
Greece,GRC,2021,534629,5711928.5
Greece,GRC,2022,924853,5372038.5
Greece,GRC,2023,924853.25,5372038.5
Greenland,GRL,2004,,241000
Greenland,GRL,2005,,241300
Greenland,GRL,2006,,241600
Greenland,GRL,2007,,241900
Greenland,GRL,2008,,242200
Greenland,GRL,2009,,242500
Greenland,GRL,2010,,242800
Greenland,GRL,2011,,243100
Greenland,GRL,2012,,243400
Greenland,GRL,2013,,243070
Greenland,GRL,2014,,243080
Greenland,GRL,2015,,243100
Greenland,GRL,2016,,243110
Greenland,GRL,2017,,243110
Greenland,GRL,2018,,243110
Greenland,GRL,2019,,243110
Greenland,GRL,2020,,243110
Greenland,GRL,2021,,243110
Greenland,GRL,2022,,243110
Greenland,GRL,2023,,243110
Grenada,GRD,2004,,12000
Grenada,GRD,2005,,9000
Grenada,GRD,2006,,9000
Grenada,GRD,2007,,9000
Grenada,GRD,2008,,9000
Grenada,GRD,2009,40,10000
Grenada,GRD,2010,90,10000
Grenada,GRD,2011,90,10000
Grenada,GRD,2012,90,8000
Grenada,GRD,2013,90,8000
Grenada,GRD,2014,90,8000
Grenada,GRD,2015,90,8000
Grenada,GRD,2016,90,8000
Grenada,GRD,2017,90,8000
Grenada,GRD,2018,80,8000
Grenada,GRD,2019,80,8000
Grenada,GRD,2020,80,8000
Grenada,GRD,2021,195.4,8000
Grenada,GRD,2022,104,8000
Grenada,GRD,2023,176.2,8000
Guadeloupe,GLP,2004,,45000
Guadeloupe,GLP,2005,,44000
Guadeloupe,GLP,2006,,44000
Guadeloupe,GLP,2007,,59800
Guadeloupe,GLP,2008,70,59900
Guadeloupe,GLP,2009,83,59700
Guadeloupe,GLP,2010,29,58900
Guadeloupe,GLP,2011,154,57800
Guadeloupe,GLP,2012,143,55800
Guadeloupe,GLP,2013,165,54800
Guadeloupe,GLP,2014,71,52900
Guadeloupe,GLP,2015,97,52700
Guadeloupe,GLP,2016,158,52100
Guadeloupe,GLP,2017,177,52110
Guadeloupe,GLP,2018,241,51580
Guadeloupe,GLP,2019,411,49710
Guadeloupe,GLP,2020,767,45883
Guadeloupe,GLP,2021,1198,47030
Guadeloupe,GLP,2022,1417,47042
Guadeloupe,GLP,2023,1308.6,46585
Guam,GUM,2004,,20000
Guam,GUM,2005,,20000
Guam,GUM,2006,,20000
Guam,GUM,2007,,19000
Guam,GUM,2008,,19000
Guam,GUM,2009,,18000
Guam,GUM,2010,,18000
Guam,GUM,2011,,18000
Guam,GUM,2012,,18000
Guam,GUM,2013,,18000
Guam,GUM,2014,,18000
Guam,GUM,2015,,17000
Guam,GUM,2016,,17000
Guam,GUM,2017,,17000
Guam,GUM,2018,,16000
Guam,GUM,2019,,16000
Guam,GUM,2020,,16000
Guam,GUM,2021,,16000
Guam,GUM,2022,,16000
Guam,GUM,2023,,16000
Guatemala,GTM,2004,,4723000
Guatemala,GTM,2005,12100,4562000
Guatemala,GTM,2006,12100,4315451
Guatemala,GTM,2007,7300,4448000
Guatemala,GTM,2008,7300,4434000
Guatemala,GTM,2009,13300,4369600
Guatemala,GTM,2010,13400,4317200
Guatemala,GTM,2011,13380,4294800
Guatemala,GTM,2012,13380,4262400
Guatemala,GTM,2013,13380,4223000
Guatemala,GTM,2014,13380,4284900
Guatemala,GTM,2015,13380,4464000
Guatemala,GTM,2016,13380,4493800
Guatemala,GTM,2017,13380,4523600
Guatemala,GTM,2018,14000,4553400
Guatemala,GTM,2019,88180,4583200
Guatemala,GTM,2020,87030,4612000
Guatemala,GTM,2021,71650,4612000
Guatemala,GTM,2022,70207,4612000
Guatemala,GTM,2023,125333.195,4612000
Guinea,GIN,2004,,14119941
Guinea,GIN,2005,,14129417
Guinea,GIN,2006,,14200901
Guinea,GIN,2007,,14330113
Guinea,GIN,2008,,14480016
Guinea,GIN,2009,,14365428
Guinea,GIN,2010,,15059928
Guinea,GIN,2011,,15109688
Guinea,GIN,2012,,15561812
Guinea,GIN,2013,,15649889
Guinea,GIN,2014,,16027273
Guinea,GIN,2015,,16239315
Guinea,GIN,2016,,16342644
Guinea,GIN,2017,,16533207
Guinea,GIN,2018,,16703682
Guinea,GIN,2019,,16687299
Guinea,GIN,2020,,16978532
Guinea,GIN,2021,,17336362
Guinea,GIN,2022,,17679290
Guinea,GIN,2023,,17993890
Guinea-Bissau,GNB,2004,,696900
Guinea-Bissau,GNB,2005,,705345
Guinea-Bissau,GNB,2006,,713790
Guinea-Bissau,GNB,2007,5600,722235
Guinea-Bissau,GNB,2008,5600,730680
Guinea-Bissau,GNB,2009,,739125
Guinea-Bissau,GNB,2010,,747570
Guinea-Bissau,GNB,2011,,756014
Guinea-Bissau,GNB,2012,,764458
Guinea-Bissau,GNB,2013,1800,772902
Guinea-Bissau,GNB,2014,1800,781346
Guinea-Bissau,GNB,2015,3400,789790
Guinea-Bissau,GNB,2016,700,794845.4
Guinea-Bissau,GNB,2017,830,794884.1
Guinea-Bissau,GNB,2018,840,810603.8
Guinea-Bissau,GNB,2019,780,816953.2
Guinea-Bissau,GNB,2020,9840,824911.4
Guinea-Bissau,GNB,2021,9840,839354.8
Guinea-Bissau,GNB,2022,9840,833024.44
Guinea-Bissau,GNB,2023,9840,840530.5
Guyana,GUY,2004,,718568.94
Guyana,GUY,2005,,719000
Guyana,GUY,2006,,719000
Guyana,GUY,2007,,719000
Guyana,GUY,2008,,719000
Guyana,GUY,2009,,719000
Guyana,GUY,2010,,719000
Guyana,GUY,2011,,719000
Guyana,GUY,2012,,719000
Guyana,GUY,2013,,719000
Guyana,GUY,2014,,719000
Guyana,GUY,2015,,719000
Guyana,GUY,2016,,719000
Guyana,GUY,2017,,719000
Guyana,GUY,2018,,719000
Guyana,GUY,2019,,719000
Guyana,GUY,2020,,719000
Guyana,GUY,2021,,720000
Guyana,GUY,2022,,720000
Guyana,GUY,2023,,720000
Haiti,HTI,2004,,1670000
Haiti,HTI,2005,,1770000
Haiti,HTI,2006,,1770000
Haiti,HTI,2007,,1770000
Haiti,HTI,2008,,1770000
Haiti,HTI,2009,50,1816330
Haiti,HTI,2010,190,1984000
Haiti,HTI,2011,910,2009000
Haiti,HTI,2012,810,2024000
Haiti,HTI,2013,2880,2068000
Haiti,HTI,2014,2880,2068000
Haiti,HTI,2015,4500,2068000
Haiti,HTI,2016,6100,2068000
Haiti,HTI,2017,5600,2010000
Haiti,HTI,2018,4400,1995000
Haiti,HTI,2019,3330,1790000
Haiti,HTI,2020,2910,1790000
Haiti,HTI,2021,2738.4,1795000
Haiti,HTI,2022,3777,1795000
Haiti,HTI,2023,3233,1795000
High-income countries,OWID_HIC,2004,18410606,1515238400
High-income countries,OWID_HIC,2005,21124952,1529575200
High-income countries,OWID_HIC,2006,21880262,1525834800
High-income countries,OWID_HIC,2007,22592670,1511739600
High-income countries,OWID_HIC,2008,23305878,1504598400
High-income countries,OWID_HIC,2009,24483972,1499369200
High-income countries,OWID_HIC,2010,24729494,1490369400
High-income countries,OWID_HIC,2011,24952994,1510207100
High-income countries,OWID_HIC,2012,26379010,1501472600
High-income countries,OWID_HIC,2013,24401374,1486369800
High-income countries,OWID_HIC,2014,33734564,1487894100
High-income countries,OWID_HIC,2015,38913684,1461398900
High-income countries,OWID_HIC,2016,44582084,1455262300
High-income countries,OWID_HIC,2017,54403440,1484886800
High-income countries,OWID_HIC,2018,55672930,1469531900
High-income countries,OWID_HIC,2019,56883572,1472483200
High-income countries,OWID_HIC,2020,58581708,1460939000
High-income countries,OWID_HIC,2021,59398756,1466852200
High-income countries,OWID_HIC,2022,59908908,1465234000
High-income countries,OWID_HIC,2023,78953080,1462779300
Honduras,HND,2004,,3140000
Honduras,HND,2005,1800,3150000
Honduras,HND,2006,7500,3160000
Honduras,HND,2007,8200,3160000
Honduras,HND,2008,8500,3184000
Honduras,HND,2009,11800,3198000
Honduras,HND,2010,18000,3268000
Honduras,HND,2011,20000,3311000
Honduras,HND,2012,21100,3358000
Honduras,HND,2013,25000,3370000
Honduras,HND,2014,25000,3375000
Honduras,HND,2015,26900,3375000
Honduras,HND,2016,28700,3424000
Honduras,HND,2017,29270,3488000
Honduras,HND,2018,29270,3509000
Honduras,HND,2019,29270,3509000
Honduras,HND,2020,66179,3538000
Honduras,HND,2021,66179.1,3576000
Honduras,HND,2022,66179.1,3576000
Honduras,HND,2023,95436.09,3576000
Hong Kong,HKG,2004,,7000
Hong Kong,HKG,2005,,7000
Hong Kong,HKG,2006,,6000
Hong Kong,HKG,2007,,6000
Hong Kong,HKG,2008,,6000
Hong Kong,HKG,2009,,6000
Hong Kong,HKG,2010,,5500
Hong Kong,HKG,2011,,5500
Hong Kong,HKG,2012,,5100
Hong Kong,HKG,2013,,5100
Hong Kong,HKG,2014,,5100
Hong Kong,HKG,2015,,5100
Hong Kong,HKG,2016,,5000
Hong Kong,HKG,2017,,5100
Hong Kong,HKG,2018,,5000
Hong Kong,HKG,2019,,5000
Hong Kong,HKG,2020,,4000
Hong Kong,HKG,2021,,4000
Hong Kong,HKG,2022,,4000
Hong Kong,HKG,2023,,4000
Hungary,HUN,2004,128570.01,5864000
Hungary,HUN,2005,123540,5863000
Hungary,HUN,2006,117080,5809000
Hungary,HUN,2007,115980,5807000
Hungary,HUN,2008,116850,5790000
Hungary,HUN,2009,140260,5783000
Hungary,HUN,2010,127600,5343000
Hungary,HUN,2011,124400,5337000
Hungary,HUN,2012,130600.01,5338000
Hungary,HUN,2013,131000,5257000
Hungary,HUN,2014,124500,5264000
Hungary,HUN,2015,129700,5264000
Hungary,HUN,2016,186300,5282000
Hungary,HUN,2017,199700,5303000
Hungary,HUN,2018,209400,5296000
Hungary,HUN,2019,303200,5278000
Hungary,HUN,2020,301430,4916672.5
Hungary,HUN,2021,293597,5043688.5
Hungary,HUN,2022,320517,5076012
Hungary,HUN,2023,320251,5083046
Iceland,ISL,2004,,1884000
Iceland,ISL,2005,5000,1882000
Iceland,ISL,2006,5000,1881000
Iceland,ISL,2007,6200,1876000
Iceland,ISL,2008,7000,1876000
Iceland,ISL,2009,6700,1875000
Iceland,ISL,2010,5900,1874000
Iceland,ISL,2011,8200,1873200
Iceland,ISL,2012,8200,1872200
Iceland,ISL,2013,8200,1872200
Iceland,ISL,2014,8200,1872200
Iceland,ISL,2015,9800,1872000
Iceland,ISL,2016,10200,1872000
Iceland,ISL,2017,10200,1872000
Iceland,ISL,2018,9200,1872000
Iceland,ISL,2019,9200,1872000
Iceland,ISL,2020,6000,1872000
Iceland,ISL,2021,6000,1872000
Iceland,ISL,2022,4000,1872000
Iceland,ISL,2023,3000,1638000
India,IND,2004,,180375000
India,IND,2005,185900,180126000
India,IND,2006,432300,179906000
India,IND,2007,1030300.06,179620000
India,IND,2008,1018000,179757000
India,IND,2009,1180000,180068000
India,IND,2010,780000,179573000
India,IND,2011,1084300,179670000
India,IND,2012,500000,179642000
India,IND,2013,500000,179698000
India,IND,2014,720000,179728000
India,IND,2015,1180000,179675000
India,IND,2016,1490000,179578000
India,IND,2017,1780000,179236000
India,IND,2018,1938000,179116000
India,IND,2019,2299000,179045000
India,IND,2020,2658000,178528000
India,IND,2021,2658000,178542340
India,IND,2022,4727000,178556670
India,IND,2023,4475837,178571000
Indonesia,IDN,2004,,46632628
Indonesia,IDN,2005,17800,46824260
Indonesia,IDN,2006,40400,47915892
Indonesia,IDN,2007,57200,48907524
Indonesia,IDN,2008,42100,49199150
Indonesia,IDN,2009,46700,49890784
Indonesia,IDN,2010,71000,49882416
Indonesia,IDN,2011,74000,50874044
Indonesia,IDN,2012,88200,50865676
Indonesia,IDN,2013,66000,51357304
Indonesia,IDN,2014,113600,51648936
Indonesia,IDN,2015,130399.99,51840570
Indonesia,IDN,2016,126000,52332200
Indonesia,IDN,2017,208000,52119730
Indonesia,IDN,2018,251631,53343756
Indonesia,IDN,2019,251620,53979290
Indonesia,IDN,2020,75790,54382320
Indonesia,IDN,2021,83361.7,54800550
Indonesia,IDN,2022,87195,54898084
Indonesia,IDN,2023,71946.9,55122204
Iran,IRN,2004,,64486000
Iran,IRN,2005,,47631000
Iran,IRN,2006,,47852000
Iran,IRN,2007,,48073000
Iran,IRN,2008,11750,46685000
Iran,IRN,2009,9000,46686200
Iran,IRN,2010,7000,46539400
Iran,IRN,2011,43300,46392600
Iran,IRN,2012,42630,46245800
Iran,IRN,2013,12160,45954000
Iran,IRN,2014,12160,45954000
Iran,IRN,2015,14600,45954000
Iran,IRN,2016,19000,45954000
Iran,IRN,2017,12000,46435000
Iran,IRN,2018,12000,46915000
Iran,IRN,2019,12000,46988000
Iran,IRN,2020,12000,47028000
Iran,IRN,2021,7000,47067000
Iran,IRN,2022,7000,47067000
Iran,IRN,2023,15412.5,47067000
Iraq,IRQ,2004,,8629500
Iraq,IRQ,2005,,8775400
Iraq,IRQ,2006,,8978400
Iraq,IRQ,2007,,9133700
Iraq,IRQ,2008,,8201200
Iraq,IRQ,2009,,7845800
Iraq,IRQ,2010,,8218700
Iraq,IRQ,2011,,8526300
Iraq,IRQ,2012,,8568100
Iraq,IRQ,2013,40,8885350
Iraq,IRQ,2014,50,9334200
Iraq,IRQ,2015,60,9274800
Iraq,IRQ,2016,60,9322700
Iraq,IRQ,2017,60,9338800
Iraq,IRQ,2018,63,9379000
Iraq,IRQ,2019,0,9450800
Iraq,IRQ,2020,0,9453400
Iraq,IRQ,2021,0,9483100
Iraq,IRQ,2022,0,9454700
Iraq,IRQ,2023,62.5,9477400
Ireland,IRL,2004,30700,4305000
Ireland,IRL,2005,34900,4302000
Ireland,IRL,2006,37300,4260000
Ireland,IRL,2007,41100,4276000
Ireland,IRL,2008,42800,4629000
Ireland,IRL,2009,47900,4593920
Ireland,IRL,2010,47900,4568000
Ireland,IRL,2011,54000,4555000
Ireland,IRL,2012,52600,4533000
Ireland,IRL,2013,56300,4477000
Ireland,IRL,2014,51900,4466000
Ireland,IRL,2015,73000,4430000
Ireland,IRL,2016,76700,4461000
Ireland,IRL,2017,74300,4489000
Ireland,IRL,2018,118699,4516000
Ireland,IRL,2019,73950,4524000
Ireland,IRL,2020,74660,4512000
Ireland,IRL,2021,86870,4337000
Ireland,IRL,2022,98490,4348000
Ireland,IRL,2023,179180,4189000
Isle of Man,IMN,2004,,45800
Isle of Man,IMN,2005,,46110
Isle of Man,IMN,2006,,42360
Isle of Man,IMN,2007,,42120
Isle of Man,IMN,2008,,44280
Isle of Man,IMN,2009,,43420
Isle of Man,IMN,2010,,43380
Isle of Man,IMN,2011,,42610
Isle of Man,IMN,2012,,38400
Isle of Man,IMN,2013,,38800
Isle of Man,IMN,2014,,38900
Isle of Man,IMN,2015,,41100
Isle of Man,IMN,2016,,40200
Isle of Man,IMN,2017,,40400
Isle of Man,IMN,2018,,41200
Isle of Man,IMN,2019,,40200
Isle of Man,IMN,2020,,40200
Isle of Man,IMN,2021,,39200
Isle of Man,IMN,2022,,40700
Isle of Man,IMN,2023,,39381.2
Israel,ISR,2004,,513500
Israel,ISR,2005,,514500
Israel,ISR,2006,,508800
Israel,ISR,2007,5690,518099.97
Israel,ISR,2008,5700,515599.97
Israel,ISR,2009,7000,522599.97
Israel,ISR,2010,8800,504500
Israel,ISR,2011,7100,517000
Israel,ISR,2012,7300,526200
Israel,ISR,2013,5700,520300
Israel,ISR,2014,4600,537700
Israel,ISR,2015,4100,533900
Israel,ISR,2016,4400,552000
Israel,ISR,2017,5700,644000
Israel,ISR,2018,5800,641300
Israel,ISR,2019,5300,638400
Israel,ISR,2020,5400,541800
Israel,ISR,2021,5200,539000
Israel,ISR,2022,4700,534600
Israel,ISR,2023,4200,536700
Italy,ITA,2004,954000,14883000
Italy,ITA,2005,1067000,14736000
Italy,ITA,2006,1148000,14203000
Italy,ITA,2007,1150000,14162000
Italy,ITA,2008,1002000,14457200
Italy,ITA,2009,1106000,13982400
Italy,ITA,2010,1114000,14327800
Italy,ITA,2011,1097000,13852600
Italy,ITA,2012,1167400,13729000
Italy,ITA,2013,1317000,13630000
Italy,ITA,2014,1388000,13162000
Italy,ITA,2015,1493000,12945000
Italy,ITA,2016,1796000,12812000
Italy,ITA,2017,1909000,12826570
Italy,ITA,2018,1958000,12405000
Italy,ITA,2019,1993000,13120962
Italy,ITA,2020,2095000,12518370
Italy,ITA,2021,2187000,12403031
Italy,ITA,2022,2350000,13000782
Italy,ITA,2023,2455587,13087557
Jamaica,JAM,2004,,472000
Jamaica,JAM,2005,380,467000
Jamaica,JAM,2006,440,467000
Jamaica,JAM,2007,440,464000
Jamaica,JAM,2008,480,449000
Jamaica,JAM,2009,540,446000
Jamaica,JAM,2010,540,421300
Jamaica,JAM,2011,540,420500
Jamaica,JAM,2012,540,419800
Jamaica,JAM,2013,540,418800
Jamaica,JAM,2014,30,417900
Jamaica,JAM,2015,170,417000
Jamaica,JAM,2016,370,417000
Jamaica,JAM,2017,370,417000
Jamaica,JAM,2018,370,417000
Jamaica,JAM,2019,370,417000
Jamaica,JAM,2020,10,417000
Jamaica,JAM,2021,11,417000
Jamaica,JAM,2022,21,417000
Jamaica,JAM,2023,17,417000
Japan,JPN,2004,,5110000
Japan,JPN,2005,,5080000
Japan,JPN,2006,,5053400
Japan,JPN,2007,6630,5026800
Japan,JPN,2008,9090,4999200
Japan,JPN,2009,9070,4974600
Japan,JPN,2010,9070,4953000
Japan,JPN,2011,9400,4919000
Japan,JPN,2012,10600,4905000
Japan,JPN,2013,10600,4892000
Japan,JPN,2014,10600,4870000
Japan,JPN,2015,10040,4846000
Japan,JPN,2016,9960,4813000
Japan,JPN,2017,9960,4778000
Japan,JPN,2018,10792,4746000
Japan,JPN,2019,10792,4715000
Japan,JPN,2020,11992,4682000
Japan,JPN,2021,11992,4659000
Japan,JPN,2022,15319,4635000
Japan,JPN,2023,18837,4607000
Jordan,JOR,2004,,1037000
Jordan,JOR,2005,10,1013000
Jordan,JOR,2006,1020,1018000
Jordan,JOR,2007,1050,963300
Jordan,JOR,2008,1060,972500
Jordan,JOR,2009,1060,1025000
Jordan,JOR,2010,1470,1002300
Jordan,JOR,2011,2600,1002600
Jordan,JOR,2012,2900,1044900
Jordan,JOR,2013,2900,1056600
Jordan,JOR,2014,2400,1064000
Jordan,JOR,2015,1710,1056300
Jordan,JOR,2016,1520,1065960
Jordan,JOR,2017,1450,1007000
Jordan,JOR,2018,1450,1021800
Jordan,JOR,2019,1450,1036500
Jordan,JOR,2020,1450,1029000
Jordan,JOR,2021,1450,1023000
Jordan,JOR,2022,1478,1043000
Jordan,JOR,2023,1463,1024000
Kazakhstan,KAZ,2004,,212670500
Kazakhstan,KAZ,2005,,212286000
Kazakhstan,KAZ,2006,,211876500
Kazakhstan,KAZ,2007,,211435600
Kazakhstan,KAZ,2008,157200,210851410
Kazakhstan,KAZ,2009,134900,210783300
Kazakhstan,KAZ,2010,133600,217161800
Kazakhstan,KAZ,2011,196200,216988500
Kazakhstan,KAZ,2012,291200,217012100
Kazakhstan,KAZ,2013,291200,216994100
Kazakhstan,KAZ,2014,291200,216799410
Kazakhstan,KAZ,2015,303400,216259700
Kazakhstan,KAZ,2016,303400,216242100
Kazakhstan,KAZ,2017,277100,216213700
Kazakhstan,KAZ,2018,192100,216036100
Kazakhstan,KAZ,2019,294300,213974300
Kazakhstan,KAZ,2020,114890,214149200
Kazakhstan,KAZ,2021,113246.91,214265700
Kazakhstan,KAZ,2022,103447,214265700
Kazakhstan,KAZ,2023,191282.7,214265700
Kenya,KEN,2004,,26992000
Kenya,KEN,2005,2300,27002000
Kenya,KEN,2006,2900,27054000
Kenya,KEN,2007,4640,27066348
Kenya,KEN,2008,5160,27088696
Kenya,KEN,2009,4230,27311042
Kenya,KEN,2010,4840,27386780
Kenya,KEN,2011,4970,27930028
Kenya,KEN,2012,4900,28269378
Kenya,KEN,2013,4900,28339114
Kenya,KEN,2014,4900,28313098
Kenya,KEN,2015,150500,28304644
Kenya,KEN,2016,154500,28458620
Kenya,KEN,2017,177200,28134510
Kenya,KEN,2018,154490,28589826
Kenya,KEN,2019,154490,28666676
Kenya,KEN,2020,123740,28689022
Kenya,KEN,2021,128017.9,28696102
Kenya,KEN,2022,178503,28743528
Kenya,KEN,2023,173120,28768666
Kiribati,KIR,2004,,34000
Kiribati,KIR,2005,,34000
Kiribati,KIR,2006,,34000
Kiribati,KIR,2007,,34000
Kiribati,KIR,2008,,34000
Kiribati,KIR,2009,,34000
Kiribati,KIR,2010,,34000
Kiribati,KIR,2011,,34000
Kiribati,KIR,2012,,34000
Kiribati,KIR,2013,,34000
Kiribati,KIR,2014,1600,34000
Kiribati,KIR,2015,1600,34000
Kiribati,KIR,2016,1600,34000
Kiribati,KIR,2017,1600,34000
Kiribati,KIR,2018,1600,34000
Kiribati,KIR,2019,,34000
Kiribati,KIR,2020,,34000
Kiribati,KIR,2021,,34000
Kiribati,KIR,2022,,34000
Kiribati,KIR,2023,,34000
Kuwait,KWT,2004,,150000
Kuwait,KWT,2005,,150000
Kuwait,KWT,2006,,150000
Kuwait,KWT,2007,,151000
Kuwait,KWT,2008,,151000
Kuwait,KWT,2009,,151500
Kuwait,KWT,2010,,152000
Kuwait,KWT,2011,,152500
Kuwait,KWT,2012,,152000
Kuwait,KWT,2013,,153600
Kuwait,KWT,2014,,152100
Kuwait,KWT,2015,20,149400
Kuwait,KWT,2016,20,150000
Kuwait,KWT,2017,20,151400
Kuwait,KWT,2018,22,150000
Kuwait,KWT,2019,33,150000
Kuwait,KWT,2020,33,150000
Kuwait,KWT,2021,32.1,150000
Kuwait,KWT,2022,25,150000
Kuwait,KWT,2023,32.8,150000
Kyrgyzstan,KGZ,2004,,10770000
Kyrgyzstan,KGZ,2005,200,10745000
Kyrgyzstan,KGZ,2006,2500,10731100
Kyrgyzstan,KGZ,2007,15100,10728600
Kyrgyzstan,KGZ,2008,9900,10727200
Kyrgyzstan,KGZ,2009,11400,10617300
Kyrgyzstan,KGZ,2010,15040,10611900
Kyrgyzstan,KGZ,2011,15100,10608500
Kyrgyzstan,KGZ,2012,2700,10591300
Kyrgyzstan,KGZ,2013,2900,10556700
Kyrgyzstan,KGZ,2014,6900,10557100
Kyrgyzstan,KGZ,2015,7600,10556200
Kyrgyzstan,KGZ,2016,7970,10541100
Kyrgyzstan,KGZ,2017,19330,10540100
Kyrgyzstan,KGZ,2018,22100,10370800
Kyrgyzstan,KGZ,2019,19050,10368400
Kyrgyzstan,KGZ,2020,30260,10367800
Kyrgyzstan,KGZ,2021,30260,10366100
Kyrgyzstan,KGZ,2022,28262,10597450
Kyrgyzstan,KGZ,2023,19113.6,10358844
Land Locked Developing Countries (FAO),,2004,,779869060
Land Locked Developing Countries (FAO),,2005,258900,785593000
Land Locked Developing Countries (FAO),,2006,442384,787821440
Land Locked Developing Countries (FAO),,2007,591064,789145340
Land Locked Developing Countries (FAO),,2008,644644,789120300
Land Locked Developing Countries (FAO),,2009,706484,790194900
Land Locked Developing Countries (FAO),,2010,769669.1,796724200
Land Locked Developing Countries (FAO),,2011,898130,798632800
Land Locked Developing Countries (FAO),,2012,1016540,829213250
Land Locked Developing Countries (FAO),,2013,1025069.94,832003460
Land Locked Developing Countries (FAO),,2014,994940,833910140
Land Locked Developing Countries (FAO),,2015,1064311,834777400
Land Locked Developing Countries (FAO),,2016,1110040,837015200
Land Locked Developing Countries (FAO),,2017,1108341.8,838516030
Land Locked Developing Countries (FAO),,2018,1002689,840284000
Land Locked Developing Countries (FAO),,2019,1235581,839871700
Land Locked Developing Countries (FAO),,2020,1171188.8,841177660
Land Locked Developing Countries (FAO),,2021,1503450.4,842242400
Land Locked Developing Countries (FAO),,2022,1430556.2,842559740
Land Locked Developing Countries (FAO),,2023,1955370.9,837395600
Laos,LAO,2004,,1946000
Laos,LAO,2005,,1985000
Laos,LAO,2006,,2025000
Laos,LAO,2007,,2063000
Laos,LAO,2008,1800,2104000
Laos,LAO,2009,5240,2168000
Laos,LAO,2010,6010,2193500
Laos,LAO,2011,5990,2219800
Laos,LAO,2012,5990,2257850
Laos,LAO,2013,6440,2342400
Laos,LAO,2014,6300,2387200
Laos,LAO,2015,1450,2412900
Laos,LAO,2016,7700,2426000
Laos,LAO,2017,7700,2359600
Laos,LAO,2018,7700,2319800
Laos,LAO,2019,8950,2262900
Laos,LAO,2020,3270,2207900
Laos,LAO,2021,7993.1997,2210400
Laos,LAO,2022,11545,2259800
Laos,LAO,2023,27025.299,2287200
Latin America and the Caribbean (FAO),,2004,2672400,676550100
Latin America and the Caribbean (FAO),,2005,4870580,677818940
Latin America and the Caribbean (FAO),,2006,4541704,677617900
Latin America and the Caribbean (FAO),,2007,5605764,678889540
Latin America and the Caribbean (FAO),,2008,7257524,673796000
Latin America and the Caribbean (FAO),,2009,7651777,671160960
Latin America and the Caribbean (FAO),,2010,7521307,672614000
Latin America and the Caribbean (FAO),,2011,6942203,671257700
Latin America and the Caribbean (FAO),,2012,6890411,671404000
Latin America and the Caribbean (FAO),,2013,6769231,671654100
Latin America and the Caribbean (FAO),,2014,6815397,667672060
Latin America and the Caribbean (FAO),,2015,6791199,668715260
Latin America and the Caribbean (FAO),,2016,7162047,666190200
Latin America and the Caribbean (FAO),,2017,8019634,663134100
Latin America and the Caribbean (FAO),,2018,8209525.5,661324200
Latin America and the Caribbean (FAO),,2019,8409339,661453060
Latin America and the Caribbean (FAO),,2020,10103354,666870100
Latin America and the Caribbean (FAO),,2021,9915017,666728700
Latin America and the Caribbean (FAO),,2022,9616650,664681800
Latin America and the Caribbean (FAO),,2023,10350954,660532800
Latvia,LVA,2004,26100,1642000
Latvia,LVA,2005,118600,1734000
Latvia,LVA,2006,175100,1855000
Latvia,LVA,2007,148100,1839000
Latvia,LVA,2008,160000,1825000
Latvia,LVA,2009,160200,1833000
Latvia,LVA,2010,164100,1805000
Latvia,LVA,2011,184100,1816000
Latvia,LVA,2012,195700,1841000
Latvia,LVA,2013,186900,1877000
Latvia,LVA,2014,203400,1872000
Latvia,LVA,2015,231600,1884500
Latvia,LVA,2016,259100,1931000
Latvia,LVA,2017,268900,1933000
Latvia,LVA,2018,280400,1938000
Latvia,LVA,2019,289800,1960000
Latvia,LVA,2020,291100,1969000
Latvia,LVA,2021,302200,1970000
Latvia,LVA,2022,312800,1970000
Latvia,LVA,2023,297100,1971000
Least Developed Countries (FAO),,2004,465000,767089600
Least Developed Countries (FAO),,2005,737090,775098800
Least Developed Countries (FAO),,2006,919600,778527550
Least Developed Countries (FAO),,2007,1048250,782292300
Least Developed Countries (FAO),,2008,1003450,785171840
Least Developed Countries (FAO),,2009,1120840,789926000
Least Developed Countries (FAO),,2010,694430,794429500
Least Developed Countries (FAO),,2011,689540,798221200
Least Developed Countries (FAO),,2012,792930,804442000
Least Developed Countries (FAO),,2013,794170,808525700
Least Developed Countries (FAO),,2014,1005680,811284900
Least Developed Countries (FAO),,2015,1226821,813843650
Least Developed Countries (FAO),,2016,1263634,816443500
Least Developed Countries (FAO),,2017,1354501.9,819426200
Least Developed Countries (FAO),,2018,1325989.2,822154500
Least Developed Countries (FAO),,2019,1467839,823519200
Least Developed Countries (FAO),,2020,1650947.2,825288770
Least Developed Countries (FAO),,2021,2012867.6,826736640
Least Developed Countries (FAO),,2022,2058126.2,828285400
Least Developed Countries (FAO),,2023,2602998.8,828884000
Lebanon,LBN,2004,800,638300
Lebanon,LBN,2005,2500,653000
Lebanon,LBN,2006,2200,679000
Lebanon,LBN,2007,1950,677100
Lebanon,LBN,2008,2180,663000
Lebanon,LBN,2009,3000,663000
Lebanon,LBN,2010,1200,640000
Lebanon,LBN,2011,3300,651000
Lebanon,LBN,2012,3300,658000
Lebanon,LBN,2013,2570,660000
Lebanon,LBN,2014,1080,662000
Lebanon,LBN,2015,1200,665000
Lebanon,LBN,2016,1100,671000
Lebanon,LBN,2017,1350,673320
Lebanon,LBN,2018,1240,671550
Lebanon,LBN,2019,1570,671300
Lebanon,LBN,2020,1710,674115
Lebanon,LBN,2021,1671.1,681619.7
Lebanon,LBN,2022,1466,676485
Lebanon,LBN,2023,1398.7,674213.8
Lesotho,LSO,2004,,2314000
Lesotho,LSO,2005,,2327000
Lesotho,LSO,2006,,2307000
Lesotho,LSO,2007,,2329000
Lesotho,LSO,2008,400,2362000
Lesotho,LSO,2009,300,2339000
Lesotho,LSO,2010,,2326000
Lesotho,LSO,2011,180,2312000
Lesotho,LSO,2012,620,2285300
Lesotho,LSO,2013,560,2252100
Lesotho,LSO,2014,560,2276300
Lesotho,LSO,2015,550,2223000
Lesotho,LSO,2016,550,2356000
Lesotho,LSO,2017,,2418000
Lesotho,LSO,2018,1,2433300
Lesotho,LSO,2019,,2154400
Lesotho,LSO,2020,,2349400
Lesotho,LSO,2021,,2229400
Lesotho,LSO,2022,,2275400
Lesotho,LSO,2023,,2360748
Liberia,LBR,2004,,1488104
Liberia,LBR,2005,,1517962.9
Liberia,LBR,2006,,1547800.4
Liberia,LBR,2007,,1577180.9
Liberia,LBR,2008,,1607221.8
Liberia,LBR,2009,,1637131.1
Liberia,LBR,2010,,1667034.5
Liberia,LBR,2011,,1696659
Liberia,LBR,2012,,1726636.2
Liberia,LBR,2013,,1756551.2
Liberia,LBR,2014,,1786373.2
Liberia,LBR,2015,,1816453.2
Liberia,LBR,2016,,1846482.6
Liberia,LBR,2017,,1876688.4
Liberia,LBR,2018,2,1906903.8
Liberia,LBR,2019,2,1923040
Liberia,LBR,2020,,1923040
Liberia,LBR,2021,2791,1923040
Liberia,LBR,2022,2762,1923040
Liberia,LBR,2023,7247,1923040
Libya,LBY,2004,,15385000
Libya,LBY,2005,,15385000
Libya,LBY,2006,,15385000
Libya,LBY,2007,,15385000
Libya,LBY,2008,,15385000
Libya,LBY,2009,,15385000
Libya,LBY,2010,,15351000
Libya,LBY,2011,,15351000
Libya,LBY,2012,,15355000
Libya,LBY,2013,,15355000
Libya,LBY,2014,,15350000
Libya,LBY,2015,,15350000
Libya,LBY,2016,,15350000
Libya,LBY,2017,,15350000
Libya,LBY,2018,,15350000
Libya,LBY,2019,,15350000
Libya,LBY,2020,,15350000
Libya,LBY,2021,,15350000
Libya,LBY,2022,,15350000
Libya,LBY,2023,,15350000
Liechtenstein,LIE,2004,,6510
Liechtenstein,LIE,2005,1000,6380
Liechtenstein,LIE,2006,1000,6250
Liechtenstein,LIE,2007,1100,6120
Liechtenstein,LIE,2008,1100,5990
Liechtenstein,LIE,2009,1000,5860
Liechtenstein,LIE,2010,1020,5730
Liechtenstein,LIE,2011,1090,5600
Liechtenstein,LIE,2012,1080,5470
Liechtenstein,LIE,2013,1140,5340
Liechtenstein,LIE,2014,1140,5240
Liechtenstein,LIE,2015,1110,5220
Liechtenstein,LIE,2016,1380,5200
Liechtenstein,LIE,2017,1390,5180
Liechtenstein,LIE,2018,1413.2001,5180
Liechtenstein,LIE,2019,1470,5170
Liechtenstein,LIE,2020,1490.3999,5170
Liechtenstein,LIE,2021,1423,5170
Liechtenstein,LIE,2022,1555,5170
Liechtenstein,LIE,2023,1612.2001,5170
Lithuania,LTU,2004,38500,2604300
Lithuania,LTU,2005,68800,2837000
Lithuania,LTU,2006,96700,2790700
Lithuania,LTU,2007,120400,2695900
Lithuania,LTU,2008,122200,2672100
Lithuania,LTU,2009,129100.01,2689000
Lithuania,LTU,2010,143600,2772300
Lithuania,LTU,2011,152300,2805900
Lithuania,LTU,2012,156500,2842200
Lithuania,LTU,2013,163500,2891400
Lithuania,LTU,2014,164400,2952400
Lithuania,LTU,2015,213600,3005900
Lithuania,LTU,2016,221700,2953900
Lithuania,LTU,2017,234100,2935300
Lithuania,LTU,2018,239700,2947000
Lithuania,LTU,2019,242100,2975000
Lithuania,LTU,2020,235500,2942800
Lithuania,LTU,2021,261799.98,2937800
Lithuania,LTU,2022,271300,2911300
Lithuania,LTU,2023,256299.98,2873000
Low Income Food Deficit Countries (FAO),,2004,465000,796623360
Low Income Food Deficit Countries (FAO),,2005,765290,804476200
Low Income Food Deficit Countries (FAO),,2006,954400,807453060
Low Income Food Deficit Countries (FAO),,2007,1106940,810468540
Low Income Food Deficit Countries (FAO),,2008,1074040,813117600
Low Income Food Deficit Countries (FAO),,2009,1150440,816591550
Low Income Food Deficit Countries (FAO),,2010,720100,820079940
Low Income Food Deficit Countries (FAO),,2011,708010,823764800
Low Income Food Deficit Countries (FAO),,2012,809760,829635500
Low Income Food Deficit Countries (FAO),,2013,809370,833387100
Low Income Food Deficit Countries (FAO),,2014,1013780,836302660
Low Income Food Deficit Countries (FAO),,2015,1386071,838506940
Low Income Food Deficit Countries (FAO),,2016,1423800,841110850
Low Income Food Deficit Countries (FAO),,2017,1539881.9,843478000
Low Income Food Deficit Countries (FAO),,2018,1451488,846436540
Low Income Food Deficit Countries (FAO),,2019,1629982,847742900
Low Income Food Deficit Countries (FAO),,2020,1774850.4,849583800
Low Income Food Deficit Countries (FAO),,2021,2154731.8,850826050
Low Income Food Deficit Countries (FAO),,2022,2263287.2,852379400
Low Income Food Deficit Countries (FAO),,2023,2779885.2,852549760
Low-income countries,OWID_LIC,2004,,439511400
Low-income countries,OWID_LIC,2005,200600,445880930
Low-income countries,OWID_LIC,2006,385980,447726180
Low-income countries,OWID_LIC,2007,470050,449734880
Low-income countries,OWID_LIC,2008,404650,450473000
Low-income countries,OWID_LIC,2009,521900,453257730
Low-income countries,OWID_LIC,2010,543380,456765600
Low-income countries,OWID_LIC,2011,503350,459761400
Low-income countries,OWID_LIC,2012,536230,602340100
Low-income countries,OWID_LIC,2013,534240,605378500
Low-income countries,OWID_LIC,2014,722550,607203600
Low-income countries,OWID_LIC,2015,864251,608610200
Low-income countries,OWID_LIC,2016,882920,610855700
Low-income countries,OWID_LIC,2017,923391.8,612856600
Low-income countries,OWID_LIC,2018,855318,614796900
Low-income countries,OWID_LIC,2019,1037756,616045100
Low-income countries,OWID_LIC,2020,1178095.9,617231170
Low-income countries,OWID_LIC,2021,1444333.8,617928700
Low-income countries,OWID_LIC,2022,1381370.2,618497400
Low-income countries,OWID_LIC,2023,1847857.4,618806460
Lower-middle-income countries,OWID_LMC,2004,158600,787290940
Lower-middle-income countries,OWID_LMC,2005,558890,788915650
Lower-middle-income countries,OWID_LMC,2006,869624,784319940
Lower-middle-income countries,OWID_LMC,2007,1536204,786094800
Lower-middle-income countries,OWID_LMC,2008,1609254,787524100
Lower-middle-income countries,OWID_LMC,2009,1771834,789778940
Lower-middle-income countries,OWID_LMC,2010,1489769.1,790025800
Lower-middle-income countries,OWID_LMC,2011,1908040,792591740
Lower-middle-income countries,OWID_LMC,2012,1363140,795095940
Lower-middle-income countries,OWID_LMC,2013,1370360,797274430
Lower-middle-income countries,OWID_LMC,2014,1589780,798737660
Lower-middle-income countries,OWID_LMC,2015,2322440,801581000
Lower-middle-income countries,OWID_LMC,2016,2775314,802805700
Lower-middle-income countries,OWID_LMC,2017,3255920,804306240
Lower-middle-income countries,OWID_LMC,2018,3520475,806628860
Lower-middle-income countries,OWID_LMC,2019,3829749,806068900
Lower-middle-income countries,OWID_LMC,2020,4375982.5,808025800
Lower-middle-income countries,OWID_LMC,2021,4463332.5,809058560
Lower-middle-income countries,OWID_LMC,2022,6600636.5,810048600
Lower-middle-income countries,OWID_LMC,2023,6589590.5,811368500
Luxembourg,LUX,2004,,128000
Luxembourg,LUX,2005,3200,129000
Luxembourg,LUX,2006,3600,129000
Luxembourg,LUX,2007,3550,131000
Luxembourg,LUX,2008,4090.0002,131000
Luxembourg,LUX,2009,3390,130700
Luxembourg,LUX,2010,3470,131039.99
Luxembourg,LUX,2011,3420,131270
Luxembourg,LUX,2012,4100,131420
Luxembourg,LUX,2013,4500,130880.01
Luxembourg,LUX,2014,4490,130990.01
Luxembourg,LUX,2015,4230,131270
Luxembourg,LUX,2016,4540,130651
Luxembourg,LUX,2017,5446,131158
Luxembourg,LUX,2018,5785,131559
Luxembourg,LUX,2019,5817,131582.39
Luxembourg,LUX,2020,6123,132126.1
Luxembourg,LUX,2021,6894,132801.8
Luxembourg,LUX,2022,8256,132510.4
Luxembourg,LUX,2023,8738,132998.2
Madagascar,MDG,2004,,40843000
Madagascar,MDG,2005,2200,40893000
Madagascar,MDG,2006,9500,40893000
Madagascar,MDG,2007,9500,40893000
Madagascar,MDG,2008,19900,40895000
Madagascar,MDG,2009,14100,40895000
Madagascar,MDG,2010,20300,40895000
Madagascar,MDG,2011,30200,40895000
Madagascar,MDG,2012,30300,40895000
Madagascar,MDG,2013,30300,40895000
Madagascar,MDG,2014,30300,40895000
Madagascar,MDG,2015,121000,40895000
Madagascar,MDG,2016,60000,40895000
Madagascar,MDG,2017,64000,40895000
Madagascar,MDG,2018,48760,40895000
Madagascar,MDG,2019,76530,40895000
Madagascar,MDG,2020,103820,40895000
Madagascar,MDG,2021,95082,40895000
Madagascar,MDG,2022,112644,40895000
Madagascar,MDG,2023,170278.7,40895000
Malawi,MWI,2004,,4980000
Malawi,MWI,2005,300,5180000
Malawi,MWI,2006,300,5285000
Malawi,MWI,2007,300,5285000
Malawi,MWI,2008,800,5435000
Malawi,MWI,2009,990,5485000
Malawi,MWI,2010,820,5485000
Malawi,MWI,2011,170,5485000
Malawi,MWI,2012,40,5485000
Malawi,MWI,2013,260,5545000
Malawi,MWI,2014,100,5651000
Malawi,MWI,2015,210,5706000
Malawi,MWI,2016,12240,5762000
Malawi,MWI,2017,12230,5817000
Malawi,MWI,2018,12400,5873000
Malawi,MWI,2019,12290,5928000
Malawi,MWI,2020,232,5984000
Malawi,MWI,2021,324.2,6050000
Malawi,MWI,2022,324.2,6050000
Malawi,MWI,2023,20734,6050000
Malaysia,MYS,2004,,7131700
Malaysia,MYS,2005,1200,7134410
Malaysia,MYS,2006,2400,7075200
Malaysia,MYS,2007,1500,7107200
Malaysia,MYS,2008,1600,7150400
Malaysia,MYS,2009,1600,7220000
Malaysia,MYS,2010,1600,7389300
Malaysia,MYS,2011,1600,7530600
Malaysia,MYS,2012,600,7829200
Malaysia,MYS,2013,600,8059300
Malaysia,MYS,2014,600,8089000
Malaysia,MYS,2015,600,8569970
Malaysia,MYS,2016,600,8571000
Malaysia,MYS,2017,600,8571000
Malaysia,MYS,2018,9580,8571000
Malaysia,MYS,2019,1280,8571000
Malaysia,MYS,2020,1280,8571000
Malaysia,MYS,2021,1276.2001,8571000
Malaysia,MYS,2022,1339,8571000
Malaysia,MYS,2023,1385.8,8571000
Maldives,MDV,2004,,11000
Maldives,MDV,2005,,9000
Maldives,MDV,2006,,7000
Maldives,MDV,2007,,7000
Maldives,MDV,2008,,7000
Maldives,MDV,2009,,7000
Maldives,MDV,2010,,6900
Maldives,MDV,2011,,6900
Maldives,MDV,2012,,6400
Maldives,MDV,2013,,6400
Maldives,MDV,2014,,6400
Maldives,MDV,2015,,6400
Maldives,MDV,2016,,6400
Maldives,MDV,2017,,6400
Maldives,MDV,2018,,6400
Maldives,MDV,2019,,6400
Maldives,MDV,2020,,6400
Maldives,MDV,2021,,5900
Maldives,MDV,2022,,5900
Maldives,MDV,2023,,5900
Mali,MLI,2004,,39691000
Mali,MLI,2005,14600,40392000
Mali,MLI,2006,2300,40466000
Mali,MLI,2007,3400,40597000
Mali,MLI,2008,9100,40830970
Mali,MLI,2009,21700,41056108
Mali,MLI,2010,15200,41075444
Mali,MLI,2011,14790,41253068
Mali,MLI,2012,14930,41444550
Mali,MLI,2013,3700,41628690
Mali,MLI,2014,11920,41795860
Mali,MLI,2015,11920,41953344
Mali,MLI,2016,11920,42225844
Mali,MLI,2017,12660,42389444
Mali,MLI,2018,12660,42598836
Mali,MLI,2019,11300,42815040
Mali,MLI,2020,14680,43008868
Mali,MLI,2021,17840.4,43236684
Mali,MLI,2022,17840.4,43275412
Mali,MLI,2023,21276.4,43279490
Malta,MLT,2004,,10000
Malta,MLT,2005,10,9300
Malta,MLT,2006,20,9300
Malta,MLT,2007,10,9300
Malta,MLT,2008,10,9300
Malta,MLT,2009,30,9300
Malta,MLT,2010,30,10330
Malta,MLT,2011,30,10330
Malta,MLT,2012,30,10300
Malta,MLT,2013,10,10230
Malta,MLT,2014,10,10230
Malta,MLT,2015,30,10230
Malta,MLT,2016,30,10380
Malta,MLT,2017,30,10380
Malta,MLT,2018,47,10380
Malta,MLT,2019,55,10380
Malta,MLT,2020,67,9110
Malta,MLT,2021,65,8750
Malta,MLT,2022,66,8750
Malta,MLT,2023,79.5,8291
Marshall Islands,MHL,2004,,8500
Marshall Islands,MHL,2005,,8500
Marshall Islands,MHL,2006,,8500
Marshall Islands,MHL,2007,,8500
Marshall Islands,MHL,2008,,8500
Marshall Islands,MHL,2009,,8500
Marshall Islands,MHL,2010,,8500
Marshall Islands,MHL,2011,,8500
Marshall Islands,MHL,2012,,7500
Marshall Islands,MHL,2013,,7000
Marshall Islands,MHL,2014,,7000
Marshall Islands,MHL,2015,,7000
Marshall Islands,MHL,2016,,7000
Marshall Islands,MHL,2017,,7000
Marshall Islands,MHL,2018,,7000
Marshall Islands,MHL,2019,,7000
Marshall Islands,MHL,2020,,7000
Marshall Islands,MHL,2021,,7000
Marshall Islands,MHL,2022,,7000
Marshall Islands,MHL,2023,,7000
Martinique,MTQ,2004,,30000
Martinique,MTQ,2005,,28000
Martinique,MTQ,2006,,28000
Martinique,MTQ,2007,,37800
Martinique,MTQ,2008,190,37700
Martinique,MTQ,2009,140,37400
Martinique,MTQ,2010,193,37400
Martinique,MTQ,2011,313,36800
Martinique,MTQ,2012,221,36800
Martinique,MTQ,2013,284,36800
Martinique,MTQ,2014,234,31600
Martinique,MTQ,2015,286,31500
Martinique,MTQ,2016,308,30900
Martinique,MTQ,2017,386,29950
Martinique,MTQ,2018,428,31330
Martinique,MTQ,2019,694,31300
Martinique,MTQ,2020,774,30200
Martinique,MTQ,2021,832,30189
Martinique,MTQ,2022,1052,31304
Martinique,MTQ,2023,944.89996,31223
Mauritania,MRT,2004,,39710000
Mauritania,MRT,2005,,39710000
Mauritania,MRT,2006,,39710000
Mauritania,MRT,2007,,39710000
Mauritania,MRT,2008,,39710000
Mauritania,MRT,2009,,39710000
Mauritania,MRT,2010,,39710000
Mauritania,MRT,2011,,39710000
Mauritania,MRT,2012,,39710000
Mauritania,MRT,2013,,39710000
Mauritania,MRT,2014,,39710000
Mauritania,MRT,2015,,39710000
Mauritania,MRT,2016,,39710000
Mauritania,MRT,2017,,39710000
Mauritania,MRT,2018,,39710000
Mauritania,MRT,2019,,39710000
Mauritania,MRT,2020,,39710000
Mauritania,MRT,2021,,39710000
Mauritania,MRT,2022,,39710000
Mauritania,MRT,2023,,39710000
Mauritius,MUS,2004,,98000
Mauritius,MUS,2005,,96000
Mauritius,MUS,2006,,94000
Mauritius,MUS,2007,,92000
Mauritius,MUS,2008,,91000
Mauritius,MUS,2009,10,91000
Mauritius,MUS,2010,40,91000
Mauritius,MUS,2011,30,89000
Mauritius,MUS,2012,30,87000
Mauritius,MUS,2013,30,86000
Mauritius,MUS,2014,30,86000
Mauritius,MUS,2015,30,86000
Mauritius,MUS,2016,30,86000
Mauritius,MUS,2017,14,86000
Mauritius,MUS,2018,3,86000
Mauritius,MUS,2019,6,86000
Mauritius,MUS,2020,5,86000
Mauritius,MUS,2021,12.5,86000
Mauritius,MUS,2022,12.5,86000
Mauritius,MUS,2023,12.5,85957.4
Mayotte,MYT,2004,,20020
Mayotte,MYT,2005,,20020
Mayotte,MYT,2006,,20020
Mayotte,MYT,2007,,20020
Mayotte,MYT,2008,,20020
Mayotte,MYT,2009,,20020
Mayotte,MYT,2010,,20020
Mayotte,MYT,2011,,20020
Mayotte,MYT,2012,,20020
Mayotte,MYT,2013,50,20020
Mayotte,MYT,2014,50,20020
Mayotte,MYT,2015,9,20020
Mayotte,MYT,2016,,20020
Mayotte,MYT,2017,41,20000
Mayotte,MYT,2018,35,20000
Mayotte,MYT,2019,41,20000
Mayotte,MYT,2020,87,20353
Mayotte,MYT,2021,94.3,19876
Mayotte,MYT,2022,212,19856
Mayotte,MYT,2023,170,19401
Melanesia (FAO),,2004,,1972200
Melanesia (FAO),,2005,100,1985700
Melanesia (FAO),,2006,15200,1994700
Melanesia (FAO),,2007,15200,2049500
Melanesia (FAO),,2008,15200,2068300
Melanesia (FAO),,2009,16000,2082399.9
Melanesia (FAO),,2010,7300,2065600.1
Melanesia (FAO),,2011,16800,2079200
Melanesia (FAO),,2012,19400,2072134
Melanesia (FAO),,2013,28460,2072030
Melanesia (FAO),,2014,41300,2092530
Melanesia (FAO),,2015,42200,2109730
Melanesia (FAO),,2016,46940,2115530
Melanesia (FAO),,2017,49190,2192930
Melanesia (FAO),,2018,121184.09,2193530
Melanesia (FAO),,2019,60561,2192630
Melanesia (FAO),,2020,98002,2192230
Melanesia (FAO),,2021,133520.1,2196530
Melanesia (FAO),,2022,49533,2194930
Melanesia (FAO),,2023,37109,2196830
Mexico,MEX,2004,,106570000
Mexico,MEX,2005,307700,106570000
Mexico,MEX,2006,307700,106570000
Mexico,MEX,2007,393500,106700000
Mexico,MEX,2008,332500,103355000
Mexico,MEX,2009,332500,102682000
Mexico,MEX,2010,332500,101807000
Mexico,MEX,2011,366900,101322000
Mexico,MEX,2012,487400,100512000
Mexico,MEX,2013,501360,99486000
Mexico,MEX,2014,501000,98748000
Mexico,MEX,2015,584000,98680000
Mexico,MEX,2016,674000,98338000
Mexico,MEX,2017,674000,96946000
Mexico,MEX,2018,183000,96516000
Mexico,MEX,2019,302000,96106000
Mexico,MEX,2020,216000,100142480
Mexico,MEX,2021,238000,100125880
Mexico,MEX,2022,432000,98888980
Mexico,MEX,2023,277332.88,98545416
Micronesia (FAO),,2004,,75700
Micronesia (FAO),,2005,,75700
Micronesia (FAO),,2006,,75700
Micronesia (FAO),,2007,,73400
Micronesia (FAO),,2008,,73400
Micronesia (FAO),,2009,,71900
Micronesia (FAO),,2010,,71900
Micronesia (FAO),,2011,,71900
Micronesia (FAO),,2012,,70900
Micronesia (FAO),,2013,,70400
Micronesia (FAO),,2014,1600,70400
Micronesia (FAO),,2015,1600,69400
Micronesia (FAO),,2016,1600,69400
Micronesia (FAO),,2017,1600,69400
Micronesia (FAO),,2018,1600,67240
Micronesia (FAO),,2019,,67240
Micronesia (FAO),,2020,,67240
Micronesia (FAO),,2021,,67240
Micronesia (FAO),,2022,,67240
Micronesia (FAO),,2023,,67240
Micronesia (country),FSM,2004,,5500
Micronesia (country),FSM,2005,,5500
Micronesia (country),FSM,2006,,5500
Micronesia (country),FSM,2007,,5500
Micronesia (country),FSM,2008,,5500
Micronesia (country),FSM,2009,,5000
Micronesia (country),FSM,2010,,5000
Micronesia (country),FSM,2011,,5000
Micronesia (country),FSM,2012,,5000
Micronesia (country),FSM,2013,,5000
Micronesia (country),FSM,2014,,5000
Micronesia (country),FSM,2015,,5000
Micronesia (country),FSM,2016,,5000
Micronesia (country),FSM,2017,,5000
Micronesia (country),FSM,2018,,5000
Micronesia (country),FSM,2019,,5000
Micronesia (country),FSM,2020,,5000
Micronesia (country),FSM,2021,,5000
Micronesia (country),FSM,2022,,5000
Micronesia (country),FSM,2023,,5000
Middle Africa (FAO),,2004,,145622350
Middle Africa (FAO),,2005,,145602830
Middle Africa (FAO),,2006,12220,145596030
Middle Africa (FAO),,2007,9260,145778670
Middle Africa (FAO),,2008,11160,145835220
Middle Africa (FAO),,2009,13090,147623550
Middle Africa (FAO),,2010,40410,149963220
Middle Africa (FAO),,2011,48770,151790050
Middle Africa (FAO),,2012,59050,153398050
Middle Africa (FAO),,2013,59090,154524560
Middle Africa (FAO),,2014,98650,155742500
Middle Africa (FAO),,2015,101490,156061460
Middle Africa (FAO),,2016,101494,156424110
Middle Africa (FAO),,2017,70490,157006880
Middle Africa (FAO),,2018,72990,157626180
Middle Africa (FAO),,2019,100104,158295680
Middle Africa (FAO),,2020,127445,158443600
Middle Africa (FAO),,2021,99694,158574980
Middle Africa (FAO),,2022,126837,159555570
Middle Africa (FAO),,2023,120409.5,160014020
Moldova,MDA,2004,,2522000
Moldova,MDA,2005,,2499000
Moldova,MDA,2006,,2483000
Moldova,MDA,2007,,2485000
Moldova,MDA,2008,,2481000
Moldova,MDA,2009,32110,2472000
Moldova,MDA,2010,5350,2465000
Moldova,MDA,2011,22000,2462000
Moldova,MDA,2012,22000,2460000
Moldova,MDA,2013,22000,2461000
Moldova,MDA,2014,22000,2315000
Moldova,MDA,2015,28700,2318000
Moldova,MDA,2016,30140,2317900
Moldova,MDA,2017,30140,2317300
Moldova,MDA,2018,17151,2257100
Moldova,MDA,2019,27830,2261600
Moldova,MDA,2020,27600,2471100
Moldova,MDA,2021,28400,2469000
Moldova,MDA,2022,28600,2465000
Moldova,MDA,2023,41400,2440000
Mongolia,MNG,2004,,114152700
Mongolia,MNG,2005,,113927800
Mongolia,MNG,2006,,114727300
Mongolia,MNG,2007,,114680000
Mongolia,MNG,2008,,114507000
Mongolia,MNG,2009,,114270056
Mongolia,MNG,2010,,114210030
Mongolia,MNG,2011,,114187800
Mongolia,MNG,2012,,114067900
Mongolia,MNG,2013,12900,114030280
Mongolia,MNG,2014,,113682000
Mongolia,MNG,2015,,113664410
Mongolia,MNG,2016,,113560790
Mongolia,MNG,2017,,113467180
Mongolia,MNG,2018,636,113433000
Mongolia,MNG,2019,61,113156900
Mongolia,MNG,2020,242,112481570
Mongolia,MNG,2021,242,112419570
Mongolia,MNG,2022,933,112000000
Mongolia,MNG,2023,956.7,107467240
Montenegro,MNE,2006,,515000
Montenegro,MNE,2007,,514000
Montenegro,MNE,2008,1900,513000
Montenegro,MNE,2009,4600,514000
Montenegro,MNE,2010,3600,512000
Montenegro,MNE,2011,3070,513000
Montenegro,MNE,2012,3070,513000
Montenegro,MNE,2013,3070,223130
Montenegro,MNE,2014,3300,230320
Montenegro,MNE,2015,3300,231400
Montenegro,MNE,2016,3500,255700
Montenegro,MNE,2017,2700,256299.98
Montenegro,MNE,2018,4455,256799.98
Montenegro,MNE,2019,4752,257000
Montenegro,MNE,2020,4820,257950.02
Montenegro,MNE,2021,4404,255560
Montenegro,MNE,2022,3966,254000
Montenegro,MNE,2023,4273,263520
Montserrat,MSR,2004,,3000
Montserrat,MSR,2005,,3000
Montserrat,MSR,2006,,3000
Montserrat,MSR,2007,,3000
Montserrat,MSR,2008,,3000
Montserrat,MSR,2009,,3000
Montserrat,MSR,2010,,3000
Montserrat,MSR,2011,,3000
Montserrat,MSR,2012,,3000
Montserrat,MSR,2013,,3000
Montserrat,MSR,2014,,3000
Montserrat,MSR,2015,,3000
Montserrat,MSR,2016,,3000
Montserrat,MSR,2017,,3000
Montserrat,MSR,2018,,3000
Montserrat,MSR,2019,,3000
Montserrat,MSR,2020,,3000
Montserrat,MSR,2021,,3000
Montserrat,MSR,2022,,3000
Montserrat,MSR,2023,,3000
Morocco,MAR,2004,,30041000
Morocco,MAR,2005,1100,29989000
Morocco,MAR,2006,4200,29946000
Morocco,MAR,2007,3600,29960000
Morocco,MAR,2008,3500,29981000
Morocco,MAR,2009,3800,30002600
Morocco,MAR,2010,17000,29988300
Morocco,MAR,2011,17000,30103800
Morocco,MAR,2012,16600,30403000
Morocco,MAR,2013,8660,30585000
Morocco,MAR,2014,8660,30082500
Morocco,MAR,2015,9330,30047000
Morocco,MAR,2016,10000,30875000
Morocco,MAR,2017,9170,31046548
Morocco,MAR,2018,9920,30525806
Morocco,MAR,2019,9920,29611906
Morocco,MAR,2020,11450,29911260
Morocco,MAR,2021,11452.4,29917736
Morocco,MAR,2022,18531,29370612
Morocco,MAR,2023,13325,29788266
Mozambique,MOZ,2004,,38336344
Mozambique,MOZ,2005,700,38557930
Mozambique,MOZ,2006,700,38779516
Mozambique,MOZ,2007,700,39001100
Mozambique,MOZ,2008,2800,39222690
Mozambique,MOZ,2009,1600,39444270
Mozambique,MOZ,2010,5500,39665860
Mozambique,MOZ,2011,4500,39872290
Mozambique,MOZ,2012,3840,40078716
Mozambique,MOZ,2013,14000,40318244
Mozambique,MOZ,2014,15420,40515270
Mozambique,MOZ,2015,16200.001,40752700
Mozambique,MOZ,2016,7410,41087012
Mozambique,MOZ,2017,12600,41347800
Mozambique,MOZ,2018,14930,41501332
Mozambique,MOZ,2019,7760,41519230
Mozambique,MOZ,2020,14440,41504630
Mozambique,MOZ,2021,41048.2,41500630
Mozambique,MOZ,2022,17089,41499332
Mozambique,MOZ,2023,16804,41512332
Myanmar,MMR,2004,,11082000
Myanmar,MMR,2005,,11263000
Myanmar,MMR,2006,,11597000
Myanmar,MMR,2007,,11984000
Myanmar,MMR,2008,,12277000
Myanmar,MMR,2009,550,12441000
Myanmar,MMR,2010,60,12526000
Myanmar,MMR,2011,200,12558000
Myanmar,MMR,2012,900,12549000
Myanmar,MMR,2013,900,12587000
Myanmar,MMR,2014,5300,12632000
Myanmar,MMR,2015,5600,12749000
Myanmar,MMR,2016,4600,12760000
Myanmar,MMR,2017,10250,13053600
Myanmar,MMR,2018,12310,13071300
Myanmar,MMR,2019,12948,12979400
Myanmar,MMR,2020,10140,12980000
Myanmar,MMR,2021,10140,12980000
Myanmar,MMR,2022,10140,12980000
Myanmar,MMR,2023,10140,12997332
Namibia,NAM,2004,,38820000
Namibia,NAM,2005,,38820000
Namibia,NAM,2006,,38820000
Namibia,NAM,2007,100,38808000
Namibia,NAM,2008,400,38808000
Namibia,NAM,2009,100,38808000
Namibia,NAM,2010,100,38809000
Namibia,NAM,2011,14100,38809000
Namibia,NAM,2012,14100,38809000
Namibia,NAM,2013,23090,38809000
Namibia,NAM,2014,30080,38809000
Namibia,NAM,2015,30080,38810000
Namibia,NAM,2016,30130,38810000
Namibia,NAM,2017,50,38811000
Namibia,NAM,2018,66,38811000
Namibia,NAM,2019,112,38811000
Namibia,NAM,2020,,38811000
Namibia,NAM,2021,383.7,38812000
Namibia,NAM,2022,596,38812000
Namibia,NAM,2023,658.7,38812000
Nauru,NRU,2004,,400
Nauru,NRU,2005,,400
Nauru,NRU,2006,,400
Nauru,NRU,2007,,400
Nauru,NRU,2008,,400
Nauru,NRU,2009,,400
Nauru,NRU,2010,,400
Nauru,NRU,2011,,400
Nauru,NRU,2012,,400
Nauru,NRU,2013,,400
Nauru,NRU,2014,,400
Nauru,NRU,2015,,400
Nauru,NRU,2016,,400
Nauru,NRU,2017,,400
Nauru,NRU,2018,,400
Nauru,NRU,2019,,400
Nauru,NRU,2020,,400
Nauru,NRU,2021,,400
Nauru,NRU,2022,,400
Nauru,NRU,2023,,400
Nepal,NPL,2004,,4218000
Nepal,NPL,2005,1000,4202000
Nepal,NPL,2006,7800,4185000
Nepal,NPL,2007,8300,4166000
Nepal,NPL,2008,8500,4152000
Nepal,NPL,2009,8200,4140000
Nepal,NPL,2010,9800,4126000
Nepal,NPL,2011,9890,4126600
Nepal,NPL,2012,10270,4087645.2
Nepal,NPL,2013,9360,4056192.2
Nepal,NPL,2014,9400,4037816.8
Nepal,NPL,2015,9400,4008646.8
Nepal,NPL,2016,9400,3975270
Nepal,NPL,2017,9400,3947870.2
Nepal,NPL,2018,11850,3866626.2
Nepal,NPL,2019,9360,3838179.8
Nepal,NPL,2020,9360,3798932.8
Nepal,NPL,2021,2447.7,3772958.5
Nepal,NPL,2022,25776,3744500
Nepal,NPL,2023,16974.2,3744100
Net Food Importing Developing Countries (FAO),,2004,622800,1138610700
Net Food Importing Developing Countries (FAO),,2005,1033980,1146885800
Net Food Importing Developing Countries (FAO),,2006,1397060,1151498900
Net Food Importing Developing Countries (FAO),,2007,1562440,1155427300
Net Food Importing Developing Countries (FAO),,2008,1607430,1157799000
Net Food Importing Developing Countries (FAO),,2009,1803450,1162659500
Net Food Importing Developing Countries (FAO),,2010,1465230,1167370400
Net Food Importing Developing Countries (FAO),,2011,1470690,1172915200
Net Food Importing Developing Countries (FAO),,2012,1557710,1180731300
Net Food Importing Developing Countries (FAO),,2013,1804590,1185961900
Net Food Importing Developing Countries (FAO),,2014,1920680,1188233500
Net Food Importing Developing Countries (FAO),,2015,2393881,1192332500
Net Food Importing Developing Countries (FAO),,2016,2721664,1195532400
Net Food Importing Developing Countries (FAO),,2017,3040885.8,1199686800
Net Food Importing Developing Countries (FAO),,2018,2877370.2,1203365600
Net Food Importing Developing Countries (FAO),,2019,2851201,1202940500
Net Food Importing Developing Countries (FAO),,2020,3220075,1205729300
Net Food Importing Developing Countries (FAO),,2021,3604851,1207749500
Net Food Importing Developing Countries (FAO),,2022,3695915.8,1207684200
Net Food Importing Developing Countries (FAO),,2023,3926466.8,1205188900
Netherlands,NLD,2004,48200,1949400
Netherlands,NLD,2005,48800,1937700
Netherlands,NLD,2006,48400,1919600
Netherlands,NLD,2007,47000,1914400
Netherlands,NLD,2008,50400,1929300
Netherlands,NLD,2009,49300,1917400
Netherlands,NLD,2010,45800,1872300
Netherlands,NLD,2011,47500,1858400
Netherlands,NLD,2012,48500,1841700
Netherlands,NLD,2013,45500,1847600
Netherlands,NLD,2014,45300,1839100
Netherlands,NLD,2015,50400,1846000
Netherlands,NLD,2016,54600,1815000
Netherlands,NLD,2017,59400,1819000
Netherlands,NLD,2018,64000,1823000
Netherlands,NLD,2019,68068,1816800
Netherlands,NLD,2020,71607,1814450
Netherlands,NLD,2021,76375,1812000
Netherlands,NLD,2022,80086,1804000
Netherlands,NLD,2023,87924,1803000
Netherlands Antilles,ANT,2004,,8000
Netherlands Antilles,ANT,2005,,8000
Netherlands Antilles,ANT,2006,,8000
Netherlands Antilles,ANT,2007,,8000
Netherlands Antilles,ANT,2008,,8000
Netherlands Antilles,ANT,2009,,8000
Netherlands Antilles,ANT,2010,,8000
New Caledonia,NCL,2004,,236600
New Caledonia,NCL,2005,,230100
New Caledonia,NCL,2006,,224600
New Caledonia,NCL,2007,,218100
New Caledonia,NCL,2008,,210600
New Caledonia,NCL,2009,,205600
New Caledonia,NCL,2010,,198600
New Caledonia,NCL,2011,,190300
New Caledonia,NCL,2012,,184034
New Caledonia,NCL,2013,,183730
New Caledonia,NCL,2014,400,183730
New Caledonia,NCL,2015,400,184030
New Caledonia,NCL,2016,440,184030
New Caledonia,NCL,2017,90,184030
New Caledonia,NCL,2018,94,184030
New Caledonia,NCL,2019,800,184030
New Caledonia,NCL,2020,800,184030
New Caledonia,NCL,2021,800,184030
New Caledonia,NCL,2022,800,184030
New Caledonia,NCL,2023,22.199999,184030
New Zealand,NZL,2004,,11890000
New Zealand,NZL,2005,46900,11712000
New Zealand,NZL,2006,63900,11375000
New Zealand,NZL,2007,63900,11487000
New Zealand,NZL,2008,100000,11374000
New Zealand,NZL,2009,124500,11490000
New Zealand,NZL,2010,124500,11408000
New Zealand,NZL,2011,133200,11371000
New Zealand,NZL,2012,106700,11209400
New Zealand,NZL,2013,106700,11106000
New Zealand,NZL,2014,106700,11116000
New Zealand,NZL,2015,74130,10712000
New Zealand,NZL,2016,74130,10614000
New Zealand,NZL,2017,88871,10644000
New Zealand,NZL,2018,88871,10498000
New Zealand,NZL,2019,88871,10345000
New Zealand,NZL,2020,79347,10154000
New Zealand,NZL,2021,79347,10175000
New Zealand,NZL,2022,79347,9747000
New Zealand,NZL,2023,79347,9711000
Nicaragua,NIC,2004,,5225000
Nicaragua,NIC,2005,51100,5250000
Nicaragua,NIC,2006,60000,5208000
Nicaragua,NIC,2007,71000,5175000
Nicaragua,NIC,2008,71000,5132000
Nicaragua,NIC,2009,33600,5089000
Nicaragua,NIC,2010,33600,5050000
Nicaragua,NIC,2011,33600,5070900
Nicaragua,NIC,2012,33600,5073000
Nicaragua,NIC,2013,33600,5073000
Nicaragua,NIC,2014,33600,5073000
Nicaragua,NIC,2015,33600,5073000
Nicaragua,NIC,2016,33600,5073000
Nicaragua,NIC,2017,33600,5081000
Nicaragua,NIC,2018,34790,5084000
Nicaragua,NIC,2019,42950,5084000
Nicaragua,NIC,2020,39080,5091000
Nicaragua,NIC,2021,37356.9,5091000
Nicaragua,NIC,2022,30880,5091000
Nicaragua,NIC,2023,30879.7,5091000
Niger,NER,2004,,38472000
Niger,NER,2005,40,42965000
Niger,NER,2006,80,42989000
Niger,NER,2007,130,43782000
Niger,NER,2008,400,43782000
Niger,NER,2009,400,43782000
Niger,NER,2010,50,43982000
Niger,NER,2011,80,44482000
Niger,NER,2012,110,44782000
Niger,NER,2013,110,45682000
Niger,NER,2014,260,45682000
Niger,NER,2015,260,45695000
Niger,NER,2016,260,46395000
Niger,NER,2017,250,46595000
Niger,NER,2018,250,46595000
Niger,NER,2019,250,46595000
Niger,NER,2020,,46597700
Niger,NER,2021,,46598500
Niger,NER,2022,,46599100
Niger,NER,2023,704.9,46598500
Nigeria,NGA,2004,,65960744
Nigeria,NGA,2005,,66193376
Nigeria,NGA,2006,3000,66028736
Nigeria,NGA,2007,3200,66355010
Nigeria,NGA,2008,3100,66419990
Nigeria,NGA,2009,8200,66768844
Nigeria,NGA,2010,12000,66888950
Nigeria,NGA,2011,9470,66933828
Nigeria,NGA,2012,9520,67174060
Nigeria,NGA,2013,250,66985690
Nigeria,NGA,2014,5020,67118840
Nigeria,NGA,2015,5020,67328330
Nigeria,NGA,2016,52400,67536370
Nigeria,NGA,2017,53400,67704070
Nigeria,NGA,2018,57120,68068010
Nigeria,NGA,2019,55050,68221040
Nigeria,NGA,2020,55000,68689464
Nigeria,NGA,2021,58028.2,68914290
Nigeria,NGA,2022,64252,69187440
Nigeria,NGA,2023,157018.9,69398210
Niue,NIU,2004,,4800
Niue,NIU,2005,,4800
Niue,NIU,2006,200,4800
Niue,NIU,2007,200,4800
Niue,NIU,2008,200,4800
Niue,NIU,2009,200,4800
Niue,NIU,2010,200,4800
Niue,NIU,2011,60,4800
Niue,NIU,2012,60,4800
Niue,NIU,2013,60,4800
Niue,NIU,2014,160,4800
Niue,NIU,2015,50,4800
Niue,NIU,2016,160,4800
Niue,NIU,2017,170,4800
Niue,NIU,2018,43,4800
Niue,NIU,2019,43,4800
Niue,NIU,2020,43,4800
Niue,NIU,2021,117,4800
Niue,NIU,2022,117,4800
Niue,NIU,2023,117,4800
Norfolk Island,NFK,2004,,1000
Norfolk Island,NFK,2005,,1000
Norfolk Island,NFK,2006,,1000
Norfolk Island,NFK,2007,,1000
Norfolk Island,NFK,2008,,1000
Norfolk Island,NFK,2009,,1000
Norfolk Island,NFK,2010,,1000
Norfolk Island,NFK,2011,,1000
Norfolk Island,NFK,2012,,1000
Norfolk Island,NFK,2013,,1000
Norfolk Island,NFK,2014,,1000
Norfolk Island,NFK,2015,,1000
Norfolk Island,NFK,2016,,1000
Norfolk Island,NFK,2017,,1000
Norfolk Island,NFK,2018,,1000
Norfolk Island,NFK,2019,,1000
Norfolk Island,NFK,2020,,1000
Norfolk Island,NFK,2021,,1000
Norfolk Island,NFK,2022,,1000
Norfolk Island,NFK,2023,,1000
North America,OWID_NAM,2004,547200,611621800
North America,OWID_NAM,2005,2702680,611425400
North America,OWID_NAM,2006,2307340,609987900
North America,OWID_NAM,2007,2932640,609636160
North America,OWID_NAM,2008,2935310,607581800
North America,OWID_NAM,2009,3241723,608336260
North America,OWID_NAM,2010,3243812,608989700
North America,OWID_NAM,2011,3412257,609974000
North America,OWID_NAM,2012,3539594,611249600
North America,OWID_NAM,2013,3868609,611185540
North America,OWID_NAM,2014,3890525,611342000
North America,OWID_NAM,2015,3843013,612308200
North America,OWID_NAM,2016,4118846,612991700
North America,OWID_NAM,2017,4217703,612376400
North America,OWID_NAM,2018,3793899,610884800
North America,OWID_NAM,2019,4268572,609054400
North America,OWID_NAM,2020,4296980,611366000
North America,OWID_NAM,2021,4102280.8,610129860
North America,OWID_NAM,2022,4455583.5,607939460
North America,OWID_NAM,2023,4047867,607433700
North Korea,PRK,2004,,2538878
North Korea,PRK,2005,,2590496
North Korea,PRK,2006,,2594529
North Korea,PRK,2007,,2596622
North Korea,PRK,2008,,2656292
North Korea,PRK,2009,,2666221
North Korea,PRK,2010,,2673288
North Korea,PRK,2011,,2632100
North Korea,PRK,2012,,2631300
North Korea,PRK,2013,,2631300
North Korea,PRK,2014,,2629143
North Korea,PRK,2015,,2630593
North Korea,PRK,2016,,2603000
North Korea,PRK,2017,,2597000
North Korea,PRK,2018,,2598000
North Korea,PRK,2019,,2595000
North Korea,PRK,2020,,2596500
North Korea,PRK,2021,,2596000
North Korea,PRK,2022,,2595200
North Korea,PRK,2023,,2595300
North Macedonia,MKD,2004,,1262000
North Macedonia,MKD,2005,300,1228000
North Macedonia,MKD,2006,500,1224000
North Macedonia,MKD,2007,1300,1076000
North Macedonia,MKD,2008,3400,1063000
North Macedonia,MKD,2009,1500,1013000
North Macedonia,MKD,2010,5200,1119000
North Macedonia,MKD,2011,6600,1118000
North Macedonia,MKD,2012,4700,1267000
North Macedonia,MKD,2013,3200,1260000
North Macedonia,MKD,2014,2300,1261000
North Macedonia,MKD,2015,2180,1262000
North Macedonia,MKD,2016,2720,1265000
North Macedonia,MKD,2017,2710,1266000
North Macedonia,MKD,2018,3960,1264000
North Macedonia,MKD,2019,3710,1265000
North Macedonia,MKD,2020,3720,1262000
North Macedonia,MKD,2021,7790,1260000
North Macedonia,MKD,2022,8724,1257000
North Macedonia,MKD,2023,8322,1251000
Northern Africa (FAO),,2004,624200,239380000
Northern Africa (FAO),,2005,634700,240156000
Northern Africa (FAO),,2006,639800,240908000
Northern Africa (FAO),,2007,644200,241559000
Northern Africa (FAO),,2008,684200,241800000
Northern Africa (FAO),,2009,692220,242515410
Northern Africa (FAO),,2010,274730,242672500
Northern Africa (FAO),,2011,278190,242785000
Northern Africa (FAO),,2012,239100,217244160
Northern Africa (FAO),,2013,230840,217502980
Northern Africa (FAO),,2014,364160,216788660
Northern Africa (FAO),,2015,371530,217231150
Northern Africa (FAO),,2016,427810,218080350
Northern Africa (FAO),,2017,552350,218675280
Northern Africa (FAO),,2018,512909.97,218447150
Northern Africa (FAO),,2019,487310,217569400
Northern Africa (FAO),,2020,499360,217889760
Northern Africa (FAO),,2021,479611.5,217945230
Northern Africa (FAO),,2022,446183,217474510
Northern Africa (FAO),,2023,369221.4,217910460
Northern America (FAO),,2004,542000,475026850
Northern America (FAO),,2005,2219700,474840860
Northern America (FAO),,2006,1793800,473727870
Northern America (FAO),,2007,2292400,473110900
Northern America (FAO),,2008,2357070,474558300
Northern America (FAO),,2009,2652700,476005860
Northern America (FAO),,2010,2652700,477453380
Northern America (FAO),,2011,2790200,478895580
Northern America (FAO),,2012,2782900,480990400
Northern America (FAO),,2013,3047700,481914940
Northern America (FAO),,2014,3082500,482839800
Northern America (FAO),,2015,2973800,483765730
Northern America (FAO),,2016,3130300,484684600
Northern America (FAO),,2017,3223040,485356060
Northern America (FAO),,2018,3334970,484237120
Northern America (FAO),,2019,3647670,482895200
Northern America (FAO),,2020,3744210,481184260
Northern America (FAO),,2021,3542189.5,479917300
Northern America (FAO),,2022,3627818,478862800
Northern America (FAO),,2023,3349255,478660770
Northern Europe (FAO),,2004,1380250,37498740
Northern Europe (FAO),,2005,1437430,37961148
Northern Europe (FAO),,2006,1543130,38866400
Northern Europe (FAO),,2007,1711280,38506160
Northern Europe (FAO),,2008,1828730,38806820
Northern Europe (FAO),,2009,1925420,38408308
Northern Europe (FAO),,2010,2009010,38338484
Northern Europe (FAO),,2011,2056800,38347420
Northern Europe (FAO),,2012,2051909.9,38304064
Northern Europe (FAO),,2013,2052290,38387188
Northern Europe (FAO),,2014,2057370.1,38456000
Northern Europe (FAO),,2015,2161085.8,38391856
Northern Europe (FAO),,2016,2284953.8,38621404
Northern Europe (FAO),,2017,2403998.5,38721204
Northern Europe (FAO),,2018,2536298,38646136
Northern Europe (FAO),,2019,2562471.2,38875020
Northern Europe (FAO),,2020,2575087.8,38566890
Northern Europe (FAO),,2021,2695197.5,38336780
Northern Europe (FAO),,2022,2693589.2,38517090
Northern Europe (FAO),,2023,2638536,37659470
Northern Mariana Islands,MNP,2004,,3000
Northern Mariana Islands,MNP,2005,,3000
Northern Mariana Islands,MNP,2006,,3000
Northern Mariana Islands,MNP,2007,,1700
Northern Mariana Islands,MNP,2008,,1700
Northern Mariana Islands,MNP,2009,,1700
Northern Mariana Islands,MNP,2010,,1700
Northern Mariana Islands,MNP,2011,,1700
Northern Mariana Islands,MNP,2012,,1700
Northern Mariana Islands,MNP,2013,,1700
Northern Mariana Islands,MNP,2014,,1700
Northern Mariana Islands,MNP,2015,,1700
Northern Mariana Islands,MNP,2016,,1700
Northern Mariana Islands,MNP,2017,,1700
Northern Mariana Islands,MNP,2018,,540
Northern Mariana Islands,MNP,2019,,540
Northern Mariana Islands,MNP,2020,,540
Northern Mariana Islands,MNP,2021,,540
Northern Mariana Islands,MNP,2022,,540
Northern Mariana Islands,MNP,2023,,540
Norway,NOR,2004,41000,1040000
Norway,NOR,2005,43000,1036000
Norway,NOR,2006,45000,1035000
Norway,NOR,2007,49000,1032000
Norway,NOR,2008,52000,1024800.06
Norway,NOR,2009,56740,1014260
Norway,NOR,2010,57200,1005900
Norway,NOR,2011,56100,999000
Norway,NOR,2012,55300,992800
Norway,NOR,2013,51700,987142.8
Norway,NOR,2014,49830,986760
Norway,NOR,2015,47640,986030
Norway,NOR,2016,47620,983661
Norway,NOR,2017,47040,985112
Norway,NOR,2018,46380,986280
Norway,NOR,2019,45310,984254
Norway,NOR,2020,45180,985962
Norway,NOR,2021,44930,985000
Norway,NOR,2022,46000,985000
Norway,NOR,2023,46000,982000
OECD (FAO),,2004,18573314,1226067600
OECD (FAO),,2005,20679034,1240497300
OECD (FAO),,2006,21197422,1236648100
OECD (FAO),,2007,21880880,1222516900
OECD (FAO),,2008,22487008,1211494800
OECD (FAO),,2009,23914202,1205428100
OECD (FAO),,2010,24152548,1195371900
OECD (FAO),,2011,24389770,1214007800
OECD (FAO),,2012,25927912,1205150600
OECD (FAO),,2013,23954752,1188644100
OECD (FAO),,2014,32867398,1189642200
OECD (FAO),,2015,37586010,1162958100
OECD (FAO),,2016,43029200,1156885200
OECD (FAO),,2017,52290988,1185001000
OECD (FAO),,2018,52853972,1169059300
OECD (FAO),,2019,53885576,1171114600
OECD (FAO),,2020,54821396,1164503400
OECD (FAO),,2021,55466916,1170729200
OECD (FAO),,2022,56493884,1168695800
OECD (FAO),,2023,74605800,1165654000
Oceania,OWID_OCE,2004,12077000,408970100
Oceania,OWID_OCE,2005,11763000,424128300
Oceania,OWID_OCE,2006,12380500,422871140
Oceania,OWID_OCE,2007,12074500,412087200
Oceania,OWID_OCE,2008,12110600,402923650
Oceania,OWID_OCE,2009,12152410,398019330
Oceania,OWID_OCE,2010,11785160,390041760
Oceania,OWID_OCE,2011,11383930,409774530
Oceania,OWID_OCE,2012,12164580,400567140
Oceania,OWID_OCE,2013,9899640,385168160
Oceania,OWID_OCE,2014,18525360,387853700
Oceania,OWID_OCE,2015,22838460,361170560
Oceania,OWID_OCE,2016,27311240,355554080
Oceania,OWID_OCE,2017,35815700,384890200
Oceania,OWID_OCE,2018,35929484,371794370
Oceania,OWID_OCE,2019,35881188,375216260
Oceania,OWID_OCE,2020,35907580,368323400
Oceania,OWID_OCE,2021,35944504,376092220
Oceania,OWID_OCE,2022,35864884,375662140
Oceania,OWID_OCE,2023,53174940,375351700
Oceania (FAO),,2004,12077000,408970100
Oceania (FAO),,2005,11763000,424128300
Oceania (FAO),,2006,12380500,422871170
Oceania (FAO),,2007,12074500,412087200
Oceania (FAO),,2008,12110600,402923650
Oceania (FAO),,2009,12152410,398019330
Oceania (FAO),,2010,11785160,390041800
Oceania (FAO),,2011,11383930,409774530
Oceania (FAO),,2012,12164580,400567140
Oceania (FAO),,2013,9899640,385168160
Oceania (FAO),,2014,18525360,387853700
Oceania (FAO),,2015,22838460,361170560
Oceania (FAO),,2016,27311240,355554080
Oceania (FAO),,2017,35815700,384890200
Oceania (FAO),,2018,35929480,371794370
Oceania (FAO),,2019,35881188,375216260
Oceania (FAO),,2020,35907580,368323360
Oceania (FAO),,2021,35944504,376092220
Oceania (FAO),,2022,35864890,375662100
Oceania (FAO),,2023,53174940,375351700
Oman,OMN,2004,,1472000
Oman,OMN,2005,,1465000
Oman,OMN,2006,,1463000
Oman,OMN,2007,,1465000
Oman,OMN,2008,30,1457200
Oman,OMN,2009,40,1454400
Oman,OMN,2010,40,1443200
Oman,OMN,2011,40,1436800
Oman,OMN,2012,40,1423800
Oman,OMN,2013,40,1419500
Oman,OMN,2014,40,1419800
Oman,OMN,2015,,1434000
Oman,OMN,2016,40,1436000
Oman,OMN,2017,40,1450920
Oman,OMN,2018,40,1458890
Oman,OMN,2019,40,1458890
Oman,OMN,2020,4.4,1458930
Oman,OMN,2021,6.6,1466220
Oman,OMN,2022,6.6,1466220
Oman,OMN,2023,6.6,1471730
Pakistan,PAK,2004,,36045000
Pakistan,PAK,2005,20300,35965000
Pakistan,PAK,2006,25000,36135000
Pakistan,PAK,2007,25000,36013000
Pakistan,PAK,2008,24500,35313000
Pakistan,PAK,2009,20300,35277000
Pakistan,PAK,2010,22000,35242000
Pakistan,PAK,2011,24900,35936000
Pakistan,PAK,2012,22400,36063000
Pakistan,PAK,2013,22400,36280000
Pakistan,PAK,2014,23800,36252000
Pakistan,PAK,2015,34210,36202000
Pakistan,PAK,2016,45300,36794000
Pakistan,PAK,2017,51300,37003000
Pakistan,PAK,2018,64885.004,36953000
Pakistan,PAK,2019,64885.004,36274000
Pakistan,PAK,2020,69850,36673000
Pakistan,PAK,2021,69850,36014000
Pakistan,PAK,2022,69850,35947000
Pakistan,PAK,2023,107399.91,35995000
Palau,PLW,2004,,4300
Palau,PLW,2005,,4300
Palau,PLW,2006,,4300
Palau,PLW,2007,,4300
Palau,PLW,2008,,4300
Palau,PLW,2009,,4300
Palau,PLW,2010,,4300
Palau,PLW,2011,,4300
Palau,PLW,2012,,4300
Palau,PLW,2013,,4300
Palau,PLW,2014,,4300
Palau,PLW,2015,,4300
Palau,PLW,2016,,4300
Palau,PLW,2017,,4300
Palau,PLW,2018,,4300
Palau,PLW,2019,,4300
Palau,PLW,2020,,4300
Palau,PLW,2021,,4300
Palau,PLW,2022,,4300
Palau,PLW,2023,,4300
Palestine,PSE,2004,,465897.78
Palestine,PSE,2005,1000,467215.9
Palestine,PSE,2006,3600,466440.3
Palestine,PSE,2007,3400,467328.88
Palestine,PSE,2008,1000,469156.4
Palestine,PSE,2009,1000,429750
Palestine,PSE,2010,6350,374900
Palestine,PSE,2011,6350,387236.38
Palestine,PSE,2012,6350,400642.7
Palestine,PSE,2013,6350,414429.1
Palestine,PSE,2014,6900,420455.5
Palestine,PSE,2015,6000,430401.78
Palestine,PSE,2016,6000,434418.22
Palestine,PSE,2017,5300,429754.5
Palestine,PSE,2018,4870,428790.9
Palestine,PSE,2019,5390,425327.3
Palestine,PSE,2020,5220,407863.6
Palestine,PSE,2021,5517,391200
Palestine,PSE,2022,4830,391200
Palestine,PSE,2023,5162,391200
Panama,PAN,2004,5200,2232600
Panama,PAN,2005,5200,2230000
Panama,PAN,2006,5200,2224400
Panama,PAN,2007,5200,2231800
Panama,PAN,2008,5200,2229200
Panama,PAN,2009,5560,2231600
Panama,PAN,2010,3560,2266390
Panama,PAN,2011,4990,2263000
Panama,PAN,2012,4980,2253000
Panama,PAN,2013,15200,2243000
Panama,PAN,2014,15200,2233000
Panama,PAN,2015,15200,2223000
Panama,PAN,2016,15200,2213000
Panama,PAN,2017,15200,2203000
Panama,PAN,2018,5930,2193000
Panama,PAN,2019,5930,2183000
Panama,PAN,2020,5930,2174100
Panama,PAN,2021,5930,2181316
Panama,PAN,2022,5768,2181316
Panama,PAN,2023,5768,2189966.2
Papua New Guinea,PNG,2004,,1123000
Papua New Guinea,PNG,2005,,1133000
Papua New Guinea,PNG,2006,2500,1151000
Papua New Guinea,PNG,2007,2500,1212000
Papua New Guinea,PNG,2008,2500,1245000
Papua New Guinea,PNG,2009,3300,1267000
Papua New Guinea,PNG,2010,3200,1267000
Papua New Guinea,PNG,2011,11300,1286000
Papua New Guinea,PNG,2012,11800,1286000
Papua New Guinea,PNG,2013,20900,1286000
Papua New Guinea,PNG,2014,19800,1305000
Papua New Guinea,PNG,2015,15800,1322000
Papua New Guinea,PNG,2016,15600,1328000
Papua New Guinea,PNG,2017,13700,1405000
Papua New Guinea,PNG,2018,49573.5,1405000
Papua New Guinea,PNG,2019,24695,1405000
Papua New Guinea,PNG,2020,72480,1405000
Papua New Guinea,PNG,2021,88013.7,1405000
Papua New Guinea,PNG,2022,19723,1405000
Papua New Guinea,PNG,2023,10191.6,1405000
Paraguay,PRY,2004,,17575104
Paraguay,PRY,2005,,17792944
Paraguay,PRY,2006,,18015166
Paraguay,PRY,2007,51200,18215490
Paraguay,PRY,2008,51200,18547302
Paraguay,PRY,2009,51200,18630788
Paraguay,PRY,2010,51200,18850838
Paraguay,PRY,2011,51200,19065616
Paraguay,PRY,2012,51200,19284664
Paraguay,PRY,2013,62300,19502240
Paraguay,PRY,2014,54400,19719646
Paraguay,PRY,2015,64100,19924430
Paraguay,PRY,2016,64100,20130336
Paraguay,PRY,2017,43700,20335668
Paraguay,PRY,2018,42800,20544198
Paraguay,PRY,2019,57570,20753108
Paraguay,PRY,2020,73430,20959166
Paraguay,PRY,2021,113146.9,21164640
Paraguay,PRY,2022,116695,21427000
Paraguay,PRY,2023,163835.69,21427000
Peru,PER,2004,,23296594
Peru,PER,2005,,23391274
Peru,PER,2006,121600,23485954
Peru,PER,2007,124700,23580630
Peru,PER,2008,166700,23675310
Peru,PER,2009,186600,23769990
Peru,PER,2010,222400,23864670
Peru,PER,2011,186000,23959350
Peru,PER,2012,198000,24054028
Peru,PER,2013,388800,24020164
Peru,PER,2014,263000,24007400
Peru,PER,2015,326800,24313804
Peru,PER,2016,518000,24000000
Peru,PER,2017,539600,24250108
Peru,PER,2018,524900,24094590
Peru,PER,2019,394200,23863290
Peru,PER,2020,559704.7,24480990
Peru,PER,2021,594310.3,25098690
Peru,PER,2022,529771.44,24385560
Peru,PER,2023,247215.7,24385560
Philippines,PHL,2004,,11470000
Philippines,PHL,2005,,11355000
Philippines,PHL,2006,,11580000
Philippines,PHL,2007,,11790000
Philippines,PHL,2008,,12010000
Philippines,PHL,2009,51800,12100000
Philippines,PHL,2010,80000,12100000
Philippines,PHL,2011,96300,12260000
Philippines,PHL,2012,80970,12430000
Philippines,PHL,2013,101300,12469000
Philippines,PHL,2014,110100,12498000
Philippines,PHL,2015,234600,12527000
Philippines,PHL,2016,198310,12556000
Philippines,PHL,2017,200070,12590000
Philippines,PHL,2018,218570,12613000
Philippines,PHL,2019,168352,12636000
Philippines,PHL,2020,191770,12659000
Philippines,PHL,2021,216334.2,12683000
Philippines,PHL,2022,228514,12640200
Philippines,PHL,2023,187425.5,12722600
Poland,POL,2004,83000,16327000
Poland,POL,2005,166000,15906000
Poland,POL,2006,228000,15957000
Poland,POL,2007,288000,15469000
Poland,POL,2008,315000,15601000
Poland,POL,2009,416000,15619000
Poland,POL,2010,519000,14449000
Poland,POL,2011,605000,14779000
Poland,POL,2012,662000,14529000
Poland,POL,2013,669900,14410000
Poland,POL,2014,658000,14424000
Poland,POL,2015,580700,14371000
Poland,POL,2016,536600,14374000
Poland,POL,2017,495000,14462000
Poland,POL,2018,484700,14512000
Poland,POL,2019,507600,14523000
Poland,POL,2020,509300,14733000
Poland,POL,2021,549400,14499700
Poland,POL,2022,554600,14176000
Poland,POL,2023,636000,14580000
Polynesia (FAO),,2004,,125224.195
Polynesia (FAO),,2005,,123882.5
Polynesia (FAO),,2006,7400,122740.9
Polynesia (FAO),,2007,7400,120799.2
Polynesia (FAO),,2008,7400,118957.6
Polynesia (FAO),,2009,9910,117015.9
Polynesia (FAO),,2010,11660,123274.3
Polynesia (FAO),,2011,33930,130432.6
Polynesia (FAO),,2012,36480,137691
Polynesia (FAO),,2013,36480,143730.5
Polynesia (FAO),,2014,35760,150769.89
Polynesia (FAO),,2015,30530,159429.39
Polynesia (FAO),,2016,43570,152158.8
Polynesia (FAO),,2017,31000,145888.31
Polynesia (FAO),,2018,30027,139597.7
Polynesia (FAO),,2019,43957,133377.2
Polynesia (FAO),,2020,42429,133916.6
Polynesia (FAO),,2021,43836,133456.1
Polynesia (FAO),,2022,48005,132965.5
Polynesia (FAO),,2023,42427.4,131955
Portugal,PRT,2004,169900,3869610
Portugal,PRT,2005,211500,3823890
Portugal,PRT,2006,214200,3757660
Portugal,PRT,2007,229700,3660920
Portugal,PRT,2008,214400,3725860
Portugal,PRT,2009,157200,3695580
Portugal,PRT,2010,211000,3654170
Portugal,PRT,2011,217300,3649360
Portugal,PRT,2012,200800,3664410
Portugal,PRT,2013,197300,3701100
Portugal,PRT,2014,212300,3663880
Portugal,PRT,2015,241400,3638780
Portugal,PRT,2016,245052,3619030
Portugal,PRT,2017,253790,3673392.8
Portugal,PRT,2018,213100,3736766.5
Portugal,PRT,2019,211393,3950520.5
Portugal,PRT,2020,319540,3954255.5
Portugal,PRT,2021,308289.22,3962295.5
Portugal,PRT,2022,308289.22,3919757.5
Portugal,PRT,2023,692738,3969959.8
Puerto Rico,PRI,2004,,209000
Puerto Rico,PRI,2005,,202400
Puerto Rico,PRI,2006,,195800
Puerto Rico,PRI,2007,,189000
Puerto Rico,PRI,2008,,190700
Puerto Rico,PRI,2009,,192300
Puerto Rico,PRI,2010,,193900
Puerto Rico,PRI,2011,,195500
Puerto Rico,PRI,2012,,196800
Puerto Rico,PRI,2013,,192200
Puerto Rico,PRI,2014,10,187600
Puerto Rico,PRI,2015,,183000
Puerto Rico,PRI,2016,10,178400
Puerto Rico,PRI,2017,10,173800
Puerto Rico,PRI,2018,10,168900
Puerto Rico,PRI,2019,10,168900
Puerto Rico,PRI,2020,10,168900
Puerto Rico,PRI,2021,10,168900
Puerto Rico,PRI,2022,10,168900
Puerto Rico,PRI,2023,10,168900
Qatar,QAT,2004,,65199.996
Qatar,QAT,2005,,64600
Qatar,QAT,2006,,65300.004
Qatar,QAT,2007,,66000
Qatar,QAT,2008,,66700
Qatar,QAT,2009,,67400
Qatar,QAT,2010,,68100
Qatar,QAT,2011,,68800
Qatar,QAT,2012,,69500
Qatar,QAT,2013,,70200
Qatar,QAT,2014,,71000
Qatar,QAT,2015,,71000
Qatar,QAT,2016,,71000
Qatar,QAT,2017,,72000
Qatar,QAT,2018,,74000
Qatar,QAT,2019,,74000
Qatar,QAT,2020,,74000
Qatar,QAT,2021,,74000
Qatar,QAT,2022,,74000
Qatar,QAT,2023,,74000
Reunion,REU,2004,,47000
Reunion,REU,2005,,47000
Reunion,REU,2006,,47000
Reunion,REU,2007,,48700
Reunion,REU,2008,200,48700
Reunion,REU,2009,190,48600
Reunion,REU,2010,274,48800
Reunion,REU,2011,549,49400
Reunion,REU,2012,585,49300
Reunion,REU,2013,592,49800
Reunion,REU,2014,671,49300
Reunion,REU,2015,694,47900
Reunion,REU,2016,881,48300
Reunion,REU,2017,1050,47940
Reunion,REU,2018,1270,48100
Reunion,REU,2019,1488,47940
Reunion,REU,2020,1914,42726
Reunion,REU,2021,2097,42524
Reunion,REU,2022,2201,41944
Reunion,REU,2023,2397.0999,41627
Romania,ROU,2004,,14130000
Romania,ROU,2005,92800,14180000
Romania,ROU,2006,108300,14039000
Romania,ROU,2007,131900,13630000
Romania,ROU,2008,139600,13634000
Romania,ROU,2009,167900,13621000
Romania,ROU,2010,183000,14156000
Romania,ROU,2011,230000,13982000
Romania,ROU,2012,288300,13733000
Romania,ROU,2013,301100,13905000
Romania,ROU,2014,289300,13830000
Romania,ROU,2015,245900,13858000
Romania,ROU,2016,226300,13521000
Romania,ROU,2017,258500,13378000
Romania,ROU,2018,326300,13414000
Romania,ROU,2019,395200,13826000
Romania,ROU,2020,468800,13049000
Romania,ROU,2021,578700,13079000
Romania,ROU,2022,644500,12678000
Romania,ROU,2023,694000,12715000
Russia,RUS,2004,,215980000
Russia,RUS,2005,,215680000
Russia,RUS,2006,,215488000
Russia,RUS,2007,33800,215463000
Russia,RUS,2008,47000,215494000
Russia,RUS,2009,78500,215494000
Russia,RUS,2010,44000,215494000
Russia,RUS,2011,126800,215494000
Russia,RUS,2012,146300,215494000
Russia,RUS,2013,144300,215494000
Russia,RUS,2014,245800,215494000
Russia,RUS,2015,385100,215494000
Russia,RUS,2016,315000,215494000
Russia,RUS,2017,657000,215494000
Russia,RUS,2018,607000,215494000
Russia,RUS,2019,674000,215494000
Russia,RUS,2020,615000,215494000
Russia,RUS,2021,655000,215494000
Russia,RUS,2022,187000,215494000
Russia,RUS,2023,96575.8,215701000
Rwanda,RWA,2004,,1883000
Rwanda,RWA,2005,100,1881000
Rwanda,RWA,2006,500,1884000
Rwanda,RWA,2007,500,1878000
Rwanda,RWA,2008,3500,1880000
Rwanda,RWA,2009,3700,1906000
Rwanda,RWA,2010,3600,1922000
Rwanda,RWA,2011,3700,1943000
Rwanda,RWA,2012,3700,1959000
Rwanda,RWA,2013,3700,1980000
Rwanda,RWA,2014,2250,2006000
Rwanda,RWA,2015,,2007000
Rwanda,RWA,2016,,2005000
Rwanda,RWA,2017,1280,2005000
Rwanda,RWA,2018,2130,1949000
Rwanda,RWA,2019,1270,1904000
Rwanda,RWA,2020,5190,1958600
Rwanda,RWA,2021,4696.4004,2004460
Rwanda,RWA,2022,5028,1974507.4
Rwanda,RWA,2023,5421.1,1883131
Saint Helena,SHN,2004,,12000
Saint Helena,SHN,2005,,12000
Saint Helena,SHN,2006,,12000
Saint Helena,SHN,2007,,12000
Saint Helena,SHN,2008,,12000
Saint Helena,SHN,2009,,12000
Saint Helena,SHN,2010,,12000
Saint Helena,SHN,2011,,12000
Saint Helena,SHN,2012,,12000
Saint Helena,SHN,2013,,12000
Saint Helena,SHN,2014,,12000
Saint Helena,SHN,2015,,12000
Saint Helena,SHN,2016,,12000
Saint Helena,SHN,2017,,12000
Saint Helena,SHN,2018,,12000
Saint Helena,SHN,2019,,12000
Saint Helena,SHN,2020,,12000
Saint Helena,SHN,2021,,12000
Saint Helena,SHN,2022,,12000
Saint Helena,SHN,2023,,12000
Saint Kitts and Nevis,KNA,2004,,8029.9995
Saint Kitts and Nevis,KNA,2005,,5000
Saint Kitts and Nevis,KNA,2006,,5010
Saint Kitts and Nevis,KNA,2007,,5090
Saint Kitts and Nevis,KNA,2008,,5100
Saint Kitts and Nevis,KNA,2009,,5500
Saint Kitts and Nevis,KNA,2010,,5700
Saint Kitts and Nevis,KNA,2011,,6000
Saint Kitts and Nevis,KNA,2012,,6000
Saint Kitts and Nevis,KNA,2013,,6000
Saint Kitts and Nevis,KNA,2014,,6000
Saint Kitts and Nevis,KNA,2015,,6000
Saint Kitts and Nevis,KNA,2016,,6000
Saint Kitts and Nevis,KNA,2017,,6000
Saint Kitts and Nevis,KNA,2018,,6000
Saint Kitts and Nevis,KNA,2019,,6000
Saint Kitts and Nevis,KNA,2020,,6000
Saint Kitts and Nevis,KNA,2021,,6000
Saint Kitts and Nevis,KNA,2022,,6000
Saint Kitts and Nevis,KNA,2023,,6000
Saint Lucia,LCA,2004,,11100
Saint Lucia,LCA,2005,,10900
Saint Lucia,LCA,2006,,10100
Saint Lucia,LCA,2007,,9930
Saint Lucia,LCA,2008,,9940
Saint Lucia,LCA,2009,,9940
Saint Lucia,LCA,2010,,9940
Saint Lucia,LCA,2011,,9940
Saint Lucia,LCA,2012,,9940
Saint Lucia,LCA,2013,,9940
Saint Lucia,LCA,2014,,9940
Saint Lucia,LCA,2015,,9940
Saint Lucia,LCA,2016,,9940
Saint Lucia,LCA,2017,,9940
Saint Lucia,LCA,2018,,9940
Saint Lucia,LCA,2019,,9940
Saint Lucia,LCA,2020,,9940
Saint Lucia,LCA,2021,25,9940
Saint Lucia,LCA,2022,20,9940
Saint Lucia,LCA,2023,57,9940
Saint Pierre and Miquelon,SPM,2004,,3000
Saint Pierre and Miquelon,SPM,2005,,3000
Saint Pierre and Miquelon,SPM,2006,,3000
Saint Pierre and Miquelon,SPM,2007,,3000
Saint Pierre and Miquelon,SPM,2008,,3000
Saint Pierre and Miquelon,SPM,2009,,3000
Saint Pierre and Miquelon,SPM,2010,,3000
Saint Pierre and Miquelon,SPM,2011,,2000
Saint Pierre and Miquelon,SPM,2012,,2000
Saint Pierre and Miquelon,SPM,2013,,2000
Saint Pierre and Miquelon,SPM,2014,,2000
Saint Pierre and Miquelon,SPM,2015,,2000
Saint Pierre and Miquelon,SPM,2016,,2000
Saint Pierre and Miquelon,SPM,2017,,2000
Saint Pierre and Miquelon,SPM,2018,,2000
Saint Pierre and Miquelon,SPM,2019,,2000
Saint Pierre and Miquelon,SPM,2020,,2000
Saint Pierre and Miquelon,SPM,2021,,2000
Saint Pierre and Miquelon,SPM,2022,,2000
Saint Pierre and Miquelon,SPM,2023,,2000
Saint Vincent and the Grenadines,VCT,2004,,7000
Saint Vincent and the Grenadines,VCT,2005,,7000
Saint Vincent and the Grenadines,VCT,2006,,7000
Saint Vincent and the Grenadines,VCT,2007,,7000
Saint Vincent and the Grenadines,VCT,2008,,7000
Saint Vincent and the Grenadines,VCT,2009,,7000
Saint Vincent and the Grenadines,VCT,2010,,7000
Saint Vincent and the Grenadines,VCT,2011,,7000
Saint Vincent and the Grenadines,VCT,2012,,7000
Saint Vincent and the Grenadines,VCT,2013,,7000
Saint Vincent and the Grenadines,VCT,2014,,7000
Saint Vincent and the Grenadines,VCT,2015,,7000
Saint Vincent and the Grenadines,VCT,2016,,7000
Saint Vincent and the Grenadines,VCT,2017,,7000
Saint Vincent and the Grenadines,VCT,2018,,7000
Saint Vincent and the Grenadines,VCT,2019,,7000
Saint Vincent and the Grenadines,VCT,2020,,7000
Saint Vincent and the Grenadines,VCT,2021,,7000
Saint Vincent and the Grenadines,VCT,2022,,7000
Saint Vincent and the Grenadines,VCT,2023,,7000
Samoa,WSM,2004,,43000
Samoa,WSM,2005,,42000
Samoa,WSM,2006,7200,40200
Samoa,WSM,2007,7200,38500
Samoa,WSM,2008,7200,37000
Samoa,WSM,2009,9710,34900
Samoa,WSM,2010,9710,41500
Samoa,WSM,2011,33500,48000
Samoa,WSM,2012,33500,54500
Samoa,WSM,2013,33500,61000
Samoa,WSM,2014,33500,67500
Samoa,WSM,2015,27700,75620
Samoa,WSM,2016,27700,68810
Samoa,WSM,2017,27700,62000
Samoa,WSM,2018,27700,55170
Samoa,WSM,2019,41083,49410
Samoa,WSM,2020,40992,49410
Samoa,WSM,2021,40992,49410
Samoa,WSM,2022,47171,49410
Samoa,WSM,2023,41307,48830
San Marino,SMR,2004,,1000
San Marino,SMR,2005,,1000
San Marino,SMR,2006,,1000
San Marino,SMR,2007,,1000
San Marino,SMR,2008,,1000
San Marino,SMR,2009,,1000
San Marino,SMR,2010,,1000
San Marino,SMR,2011,,1000
San Marino,SMR,2012,,1000
San Marino,SMR,2013,,1000
San Marino,SMR,2014,,1000
San Marino,SMR,2015,,2300
San Marino,SMR,2016,,2300
San Marino,SMR,2017,,2300
San Marino,SMR,2018,,2300
San Marino,SMR,2019,,2300
San Marino,SMR,2020,,2300
San Marino,SMR,2021,,2300
San Marino,SMR,2022,,2300
San Marino,SMR,2023,,2300
Sao Tome and Principe,STP,2004,,35000
Sao Tome and Principe,STP,2005,,34000
Sao Tome and Principe,STP,2006,2920,34000
Sao Tome and Principe,STP,2007,2860,34000
Sao Tome and Principe,STP,2008,2860,34000
Sao Tome and Principe,STP,2009,3590,34000
Sao Tome and Principe,STP,2010,4410,33000
Sao Tome and Principe,STP,2011,4470,34000
Sao Tome and Principe,STP,2012,4050.0002,35000
Sao Tome and Principe,STP,2013,4050.0002,35000
Sao Tome and Principe,STP,2014,6710,37000
Sao Tome and Principe,STP,2015,6710,37000
Sao Tome and Principe,STP,2016,6710,40000
Sao Tome and Principe,STP,2017,8780,41000
Sao Tome and Principe,STP,2018,10900,42000
Sao Tome and Principe,STP,2019,10900,42000
Sao Tome and Principe,STP,2020,9100,42000
Sao Tome and Principe,STP,2021,9100,43000
Sao Tome and Principe,STP,2022,9281,43000
Sao Tome and Principe,STP,2023,9281.2,43000
Saudi Arabia,SAU,2004,,173778800
Saudi Arabia,SAU,2005,12500,173777500
Saudi Arabia,SAU,2006,16000,173775200
Saudi Arabia,SAU,2007,22200,173770930
Saudi Arabia,SAU,2008,30000,173765630
Saudi Arabia,SAU,2009,46600,173762340
Saudi Arabia,SAU,2010,42400,173740050
Saudi Arabia,SAU,2011,18500,173733740
Saudi Arabia,SAU,2012,13600,173723460
Saudi Arabia,SAU,2013,36600,173713170
Saudi Arabia,SAU,2014,37560,173622180
Saudi Arabia,SAU,2015,36500,173614580
Saudi Arabia,SAU,2016,17200,173608300
Saudi Arabia,SAU,2017,17100,173607090
Saudi Arabia,SAU,2018,18635.201,173605200
Saudi Arabia,SAU,2019,24517.7,173616860
Saudi Arabia,SAU,2020,26632.5,173637780
Saudi Arabia,SAU,2021,27109,173637420
Saudi Arabia,SAU,2022,23315,173637420
Saudi Arabia,SAU,2023,23410,173637420
Senegal,SEN,2004,,8687000
Senegal,SEN,2005,,8776000
Senegal,SEN,2006,,8490000
Senegal,SEN,2007,1590,8503000
Senegal,SEN,2008,26000,9275000
Senegal,SEN,2009,25400,9278000
Senegal,SEN,2010,28200,9278000
Senegal,SEN,2011,13000,8965000
Senegal,SEN,2012,6740,8965000
Senegal,SEN,2013,7170,8968000
Senegal,SEN,2014,6930,8972000
Senegal,SEN,2015,7000,9328000
Senegal,SEN,2016,7170,9288000
Senegal,SEN,2017,7310,9323000
Senegal,SEN,2018,7990,9358000
Senegal,SEN,2019,6490,9395000
Senegal,SEN,2020,3810,9430000
Senegal,SEN,2021,3261.8,9511000
Senegal,SEN,2022,3357,9511000
Senegal,SEN,2023,3384.5999,9511000
Serbia,SRB,2006,700,3537000
Serbia,SRB,2007,800,3572900
Serbia,SRB,2008,4500,3603600
Serbia,SRB,2009,8700,3518000
Serbia,SRB,2010,8700,3521600
Serbia,SRB,2011,6240,3528200
Serbia,SRB,2012,11100,3462600
Serbia,SRB,2013,8230,3491200
Serbia,SRB,2014,9550,3506400
Serbia,SRB,2015,15300,3481000
Serbia,SRB,2016,14360,3456000
Serbia,SRB,2017,13420,3419000
Serbia,SRB,2018,19260,3464000
Serbia,SRB,2019,21266,3460000
Serbia,SRB,2020,20971,3482000
Serbia,SRB,2021,23527.701,3485000
Serbia,SRB,2022,25023,3469000
Serbia,SRB,2023,29002.3,3396000
Serbia and Montenegro,OWID_SRM,2004,,5591000
Serbia and Montenegro,OWID_SRM,2005,,5590000
Seychelles,SYC,2004,,4000
Seychelles,SYC,2005,,4000
Seychelles,SYC,2006,,4000
Seychelles,SYC,2007,,3000
Seychelles,SYC,2008,,3000
Seychelles,SYC,2009,,2900
Seychelles,SYC,2010,,2400
Seychelles,SYC,2011,,1500
Seychelles,SYC,2012,,1500
Seychelles,SYC,2013,,1550
Seychelles,SYC,2014,,1550
Seychelles,SYC,2015,,1550
Seychelles,SYC,2016,,1550
Seychelles,SYC,2017,,1550
Seychelles,SYC,2018,,1550
Seychelles,SYC,2019,,1550
Seychelles,SYC,2020,,1550
Seychelles,SYC,2021,,1550
Seychelles,SYC,2022,,1550
Seychelles,SYC,2023,,1550
Sierra Leone,SLE,2004,,3772730
Sierra Leone,SLE,2005,,3812020
Sierra Leone,SLE,2006,,4029880
Sierra Leone,SLE,2007,,3623720
Sierra Leone,SLE,2008,,3712230
Sierra Leone,SLE,2009,72500,3800970
Sierra Leone,SLE,2010,65300.004,3930380
Sierra Leone,SLE,2011,,4017630
Sierra Leone,SLE,2012,,3836650
Sierra Leone,SLE,2013,,3948650
Sierra Leone,SLE,2014,,3949000
Sierra Leone,SLE,2015,15300,3949000
Sierra Leone,SLE,2016,69690,3949000
Sierra Leone,SLE,2017,101180,3949000
Sierra Leone,SLE,2018,99240,3949000
Sierra Leone,SLE,2019,157530,3949000
Sierra Leone,SLE,2020,190130.2,3949000
Sierra Leone,SLE,2021,193954.3,3949000
Sierra Leone,SLE,2022,194684,3949000
Sierra Leone,SLE,2023,214930,3949000
Singapore,SGP,2004,,800
Singapore,SGP,2005,,760
Singapore,SGP,2006,,750
Singapore,SGP,2007,,800
Singapore,SGP,2008,,700
Singapore,SGP,2009,,700
Singapore,SGP,2010,,740
Singapore,SGP,2011,,730
Singapore,SGP,2012,,730
Singapore,SGP,2013,,670
Singapore,SGP,2014,,660
Singapore,SGP,2015,,660
Singapore,SGP,2016,,660
Singapore,SGP,2017,,660
Singapore,SGP,2018,3,660
Singapore,SGP,2019,15,660
Singapore,SGP,2020,15,660
Singapore,SGP,2021,15,660
Singapore,SGP,2022,15,660
Singapore,SGP,2023,14.6,660
Slovakia,SVK,2004,,1934000
Slovakia,SVK,2005,,1941000
Slovakia,SVK,2006,,1939000
Slovakia,SVK,2007,117900,1930000
Slovakia,SVK,2008,140800,1937000
Slovakia,SVK,2009,145500,1930000
Slovakia,SVK,2010,178200,1944700
Slovakia,SVK,2011,170900,1929700
Slovakia,SVK,2012,166700,1927400
Slovakia,SVK,2013,161900,1893400
Slovakia,SVK,2014,180300,1889400
Slovakia,SVK,2015,181880,1888600
Slovakia,SVK,2016,187024,1886000
Slovakia,SVK,2017,189150,1879000
Slovakia,SVK,2018,189000,1889000
Slovakia,SVK,2019,197565,1885000
Slovakia,SVK,2020,222896,1883000
Slovakia,SVK,2021,249723,1856000
Slovakia,SVK,2022,248143,1849000
Slovakia,SVK,2023,261060,1825000
Slovenia,SVN,2004,23000,492000
Slovenia,SVN,2005,23000,509000
Slovenia,SVN,2006,27000,491000
Slovenia,SVN,2007,29300,498000
Slovenia,SVN,2008,29500,618560
Slovenia,SVN,2009,29400,625120
Slovenia,SVN,2010,30700,623860
Slovenia,SVN,2011,32099.998,620610
Slovenia,SVN,2012,35100,611790
Slovenia,SVN,2013,38700,610210
Slovenia,SVN,2014,41240,614840
Slovenia,SVN,2015,42190,616490
Slovenia,SVN,2016,43580,617480
Slovenia,SVN,2017,46220,615040
Slovenia,SVN,2018,47840,612000
Slovenia,SVN,2019,49640,612280
Slovenia,SVN,2020,49800,610490
Slovenia,SVN,2021,51830,610960
Slovenia,SVN,2022,53200,610720
Slovenia,SVN,2023,54600,611200
Small Island Developing States (FAO),,2004,,15952805
Small Island Developing States (FAO),,2005,111580,16160916
Small Island Developing States (FAO),,2006,151960,16124161
Small Island Developing States (FAO),,2007,194500,16195900
Small Island Developing States (FAO),,2008,197300,16117126
Small Island Developing States (FAO),,2009,233243,16199014
Small Island Developing States (FAO),,2010,221422,16261189
Small Island Developing States (FAO),,2011,249337,16284676
Small Island Developing States (FAO),,2012,267354,16279385
Small Island Developing States (FAO),,2013,316349,16392355
Small Island Developing States (FAO),,2014,319755,16368735
Small Island Developing States (FAO),,2015,286313,16357561
Small Island Developing States (FAO),,2016,345336,16427795
Small Island Developing States (FAO),,2017,343527,16536299
Small Island Developing States (FAO),,2018,408377,16573244
Small Island Developing States (FAO),,2019,292491,16478053
Small Island Developing States (FAO),,2020,317281.5,16416863
Small Island Developing States (FAO),,2021,357733.72,16446943
Small Island Developing States (FAO),,2022,358339.9,16543705
Small Island Developing States (FAO),,2023,281386.4,16582711
Solomon Islands,SLB,2004,,83000
Solomon Islands,SLB,2005,,96800
Solomon Islands,SLB,2006,3600,97100
Solomon Islands,SLB,2007,3600,101200
Solomon Islands,SLB,2008,3600,100300
Solomon Islands,SLB,2009,3600,103000
Solomon Islands,SLB,2010,1300,93900
Solomon Islands,SLB,2011,1300,97500
Solomon Islands,SLB,2012,1300,97400
Solomon Islands,SLB,2013,1300,98300
Solomon Islands,SLB,2014,5300,100500
Solomon Islands,SLB,2015,5600,101100
Solomon Islands,SLB,2016,5700,101600
Solomon Islands,SLB,2017,3900,102700
Solomon Islands,SLB,2018,4714.3003,104000
Solomon Islands,SLB,2019,4086,103800
Solomon Islands,SLB,2020,3367,104600
Solomon Islands,SLB,2021,8231,108900
Solomon Islands,SLB,2022,7596,107300
Solomon Islands,SLB,2023,7595.6,109200
Somalia,SOM,2004,,44157000
Somalia,SOM,2005,,44126000
Somalia,SOM,2006,,44076000
Somalia,SOM,2007,,44026000
Somalia,SOM,2008,,44126000
Somalia,SOM,2009,,44126000
Somalia,SOM,2010,,44126000
Somalia,SOM,2011,,44026000
Somalia,SOM,2012,,44026000
Somalia,SOM,2013,,44126000
Somalia,SOM,2014,,44126000
Somalia,SOM,2015,,44126000
Somalia,SOM,2016,,44126000
Somalia,SOM,2017,,44126700
Somalia,SOM,2018,,44126600
Somalia,SOM,2019,,44127900
Somalia,SOM,2020,,44128100
Somalia,SOM,2021,,44128000
Somalia,SOM,2022,,44129000
Somalia,SOM,2023,,44129200
South Africa,ZAF,2004,,97608000
South Africa,ZAF,2005,50000,97483000
South Africa,ZAF,2006,50000,96888000
South Africa,ZAF,2007,50000,96890000
South Africa,ZAF,2008,43900,97108000
South Africa,ZAF,2009,59600,96988000
South Africa,ZAF,2010,55600,96891000
South Africa,ZAF,2011,41900,96374000
South Africa,ZAF,2012,43200,96341000
South Africa,ZAF,2013,37470,96341000
South Africa,ZAF,2014,19500,96341000
South Africa,ZAF,2015,34200,96341000
South Africa,ZAF,2016,14200,96341000
South Africa,ZAF,2017,41380,96341000
South Africa,ZAF,2018,82820,96341000
South Africa,ZAF,2019,30220,96341000
South Africa,ZAF,2020,40950,96341000
South Africa,ZAF,2021,97358.59,96341000
South Africa,ZAF,2022,44769,96341000
South Africa,ZAF,2023,39806.5,96341000
South America,OWID_SAM,2004,2667200,539947100
South America,OWID_SAM,2005,4387600,541226430
South America,OWID_SAM,2006,4028164,541349900
South America,OWID_SAM,2007,4965524,542356300
South America,OWID_SAM,2008,6679284,540764400
South America,OWID_SAM,2009,7062754,538822500
South America,OWID_SAM,2010,6930195,541069700
South America,OWID_SAM,2011,6320146,540179300
South America,OWID_SAM,2012,6133717,541144900
South America,OWID_SAM,2013,5948322,542383500
South America,OWID_SAM,2014,6007372,539169900
South America,OWID_SAM,2015,5921986,540172740
South America,OWID_SAM,2016,6173501,537883100
South America,OWID_SAM,2017,7024971,536113730
South America,OWID_SAM,2018,7750596,534676580
South America,OWID_SAM,2019,7788437,535293860
South America,OWID_SAM,2020,9550585,536688320
South America,OWID_SAM,2021,9354925,536516160
South America,OWID_SAM,2022,8788885,535605200
South America,OWID_SAM,2023,9652342,531759840
South America (FAO),,2004,2667200,539947100
South America (FAO),,2005,4387600,541226430
South America (FAO),,2006,4028164,541349900
South America (FAO),,2007,4965524,542356200
South America (FAO),,2008,6679284,540764400
South America (FAO),,2009,7062754,538822600
South America (FAO),,2010,6930195.5,541069760
South America (FAO),,2011,6320146,540179300
South America (FAO),,2012,6133717,541144960
South America (FAO),,2013,5948322,542383500
South America (FAO),,2014,6007372,539169860
South America (FAO),,2015,5921986,540172740
South America (FAO),,2016,6173501,537883100
South America (FAO),,2017,7024971,536113760
South America (FAO),,2018,7750596,534676580
South America (FAO),,2019,7788437,535293900
South America (FAO),,2020,9550585,536688320
South America (FAO),,2021,9354926,536516200
South America (FAO),,2022,8788885,535605200
South America (FAO),,2023,9652343,531759870
South Korea,KOR,2004,,1893000
South Korea,KOR,2005,6100,1881000
South Korea,KOR,2006,8600,1858000
South Korea,KOR,2007,9700,1840000
South Korea,KOR,2008,12000,1817000
South Korea,KOR,2009,13300,1795000
South Korea,KOR,2010,15500,1773000
South Korea,KOR,2011,19300,1756100
South Korea,KOR,2012,25500,1788000
South Korea,KOR,2013,21200,1768700
South Korea,KOR,2014,18300,1748300
South Korea,KOR,2015,18100,1736000
South Korea,KOR,2016,20170,1700800
South Korea,KOR,2017,20700,1676700
South Korea,KOR,2018,24700,1652000
South Korea,KOR,2019,29711,1637000
South Korea,KOR,2020,38540,1621000
South Korea,KOR,2021,40663,1603000
South Korea,KOR,2022,39624,1584000
South Korea,KOR,2023,37825,1568000
South Sudan,SSD,2012,,28497912
South Sudan,SSD,2013,,28462624
South Sudan,SSD,2014,,28427338
South Sudan,SSD,2015,,28392050
South Sudan,SSD,2016,,28356762
South Sudan,SSD,2017,,28321474
South Sudan,SSD,2018,,28250900
South Sudan,SSD,2019,,28250900
South Sudan,SSD,2020,,28250700
South Sudan,SSD,2021,,28252700
South Sudan,SSD,2022,,28252700
South Sudan,SSD,2023,,28347232
South-eastern Asia (FAO),,2004,,115902136
South-eastern Asia (FAO),,2005,69700,116678530
South-eastern Asia (FAO),,2006,111500,118424744
South-eastern Asia (FAO),,2007,123500,120159720
South-eastern Asia (FAO),,2008,115200,121324250
South-eastern Asia (FAO),,2009,186390,122524020
South-eastern Asia (FAO),,2010,244900,123408860
South-eastern Asia (FAO),,2011,269320,124824970
South-eastern Asia (FAO),,2012,279290,125409016
South-eastern Asia (FAO),,2013,281110,126409730
South-eastern Asia (FAO),,2014,351990,126917610
South-eastern Asia (FAO),,2015,532220,129095840
South-eastern Asia (FAO),,2016,485930,129714560
South-eastern Asia (FAO),,2017,618190,129850020
South-eastern Asia (FAO),,2018,733597,131119576
South-eastern Asia (FAO),,2019,751746,132123640
South-eastern Asia (FAO),,2020,574795,132842470
South-eastern Asia (FAO),,2021,615067.4,133585656
South-eastern Asia (FAO),,2022,674491,133664490
South-eastern Asia (FAO),,2023,617140.8,132877170
Southern Africa (FAO),,2004,,165793000
Southern Africa (FAO),,2005,50000,165669000
Southern Africa (FAO),,2006,50000,165041000
Southern Africa (FAO),,2007,50100,165034000
Southern Africa (FAO),,2008,44720,165382000
Southern Africa (FAO),,2009,60050,165277000
Southern Africa (FAO),,2010,55710,165108050
Southern Africa (FAO),,2011,56190,164642000
Southern Africa (FAO),,2012,57930,164542300
Southern Africa (FAO),,2013,61120,164502850
Southern Africa (FAO),,2014,50150,164646300
Southern Africa (FAO),,2015,65400,164447600
Southern Africa (FAO),,2016,44890,164576590
Southern Africa (FAO),,2017,41620,164635600
Southern Africa (FAO),,2018,83077,164647900
Southern Africa (FAO),,2019,31172,164365400
Southern Africa (FAO),,2020,42106,164558400
Southern Africa (FAO),,2021,101281.7,164439410
Southern Africa (FAO),,2022,54035,164485400
Southern Africa (FAO),,2023,43343.5,164570750
Southern Asia (FAO),,2004,,335258400
Southern Asia (FAO),,2005,217400,318246500
Southern Asia (FAO),,2006,482300,318282180
Southern Asia (FAO),,2007,1080680,318004400
Southern Asia (FAO),,2008,1085650,316201920
Southern Asia (FAO),,2009,1239960,316469820
Southern Asia (FAO),,2010,841960,315785300
Southern Asia (FAO),,2011,1194880,316424670
Southern Asia (FAO),,2012,607900,316338430
Southern Asia (FAO),,2013,577060,316272200
Southern Asia (FAO),,2014,841620,316252800
Southern Asia (FAO),,2015,1348351,316183870
Southern Asia (FAO),,2016,1673860,316680860
Southern Asia (FAO),,2017,2033181.8,316998820
Southern Asia (FAO),,2018,2113571,317393950
Southern Asia (FAO),,2019,2465716,316883170
Southern Asia (FAO),,2020,2827201.8,317105860
Southern Asia (FAO),,2021,2810522.2,316465180
Southern Asia (FAO),,2022,4905196,316396580
Southern Asia (FAO),,2023,4690568,316431900
Southern Europe (FAO),,2004,1960120,67749820
Southern Europe (FAO),,2005,2217790,67532990
Southern Europe (FAO),,2006,2437190,64744740
Southern Europe (FAO),,2007,2446390,63741892
Southern Europe (FAO),,2008,2714310,64411380
Southern Europe (FAO),,2009,2979730,63538070
Southern Europe (FAO),,2010,3145130,63502628
Southern Europe (FAO),,2011,3230780,62400970
Southern Europe (FAO),,2012,3675850,62191160
Southern Europe (FAO),,2013,3604370,61747480
Southern Europe (FAO),,2014,3735724,60087260
Southern Europe (FAO),,2015,4249482,59869012
Southern Europe (FAO),,2016,4561906,59395108
Southern Europe (FAO),,2017,4818622,59336156
Southern Europe (FAO),,2018,5090607,58766176
Southern Europe (FAO),,2019,5277860,59661500
Southern Europe (FAO),,2020,5577626,58795104
Southern Europe (FAO),,2021,6042183,58822360
Southern Europe (FAO),,2022,6650330.5,58277068
Southern Europe (FAO),,2023,7453691,56396870
Spain,ESP,2004,561500,29071000
Spain,ESP,2005,622800,29164000
Spain,ESP,2006,736900,28613000
Spain,ESP,2007,804900,28004000
Spain,ESP,2008,1129800,28142000
Spain,ESP,2009,1330800,27970000
Spain,ESP,2010,1434000,27545000
Spain,ESP,2011,1625000,27014000
Spain,ESP,2012,1756600,26942000
Spain,ESP,2013,1610100,26733200
Spain,ESP,2014,1663200,26578000
Spain,ESP,2015,1968500,26576500
Spain,ESP,2016,2018800,26265700
Spain,ESP,2017,2082200,26295530
Spain,ESP,2018,2246500,26183324
Spain,ESP,2019,2354900,26206692
Spain,ESP,2020,2437900,26142638
Spain,ESP,2021,2799151,26228448
Spain,ESP,2022,2843612.2,26663364
Spain,ESP,2023,3161038.5,24772662
Sri Lanka,LKA,2004,,2288400
Sri Lanka,LKA,2005,10000,2492500
Sri Lanka,LKA,2006,17000,2430200
Sri Lanka,LKA,2007,17000,2382400
Sri Lanka,LKA,2008,22300,2597600
Sri Lanka,LKA,2009,21200,2609600
Sri Lanka,LKA,2010,22300,2620000
Sri Lanka,LKA,2011,19470,2730000
Sri Lanka,LKA,2012,19520,2740000
Sri Lanka,LKA,2013,19520,2740000
Sri Lanka,LKA,2014,62600,2740000
Sri Lanka,LKA,2015,96300,2740000
Sri Lanka,LKA,2016,96300,2750000
Sri Lanka,LKA,2017,165550,2760200
Sri Lanka,LKA,2018,77169,2811600
Sri Lanka,LKA,2019,70436,2811572.8
Sri Lanka,LKA,2020,73390,2812000
Sri Lanka,LKA,2021,66622.805,2812000
Sri Lanka,LKA,2022,68072,2812000
Sri Lanka,LKA,2023,69812,3006900
Sub-Saharan Africa (FAO),,2004,,863808000
Sub-Saharan Africa (FAO),,2005,318190,871412350
Sub-Saharan Africa (FAO),,2006,510100,873269060
Sub-Saharan Africa (FAO),,2007,626870,877037500
Sub-Saharan Africa (FAO),,2008,572190,879779260
Sub-Saharan Africa (FAO),,2009,721320,884478400
Sub-Saharan Africa (FAO),,2010,748874,889015550
Sub-Saharan Africa (FAO),,2011,744249,893382800
Sub-Saharan Africa (FAO),,2012,854365,926569100
Sub-Saharan Africa (FAO),,2013,846742,931130560
Sub-Saharan Africa (FAO),,2014,898911,934518140
Sub-Saharan Africa (FAO),,2015,1310893,938024260
Sub-Saharan Africa (FAO),,2016,1372785,940111040
Sub-Saharan Africa (FAO),,2017,1479305,942812100
Sub-Saharan Africa (FAO),,2018,1494277,947293900
Sub-Saharan Africa (FAO),,2019,1635631,949348900
Sub-Saharan Africa (FAO),,2020,1855268.5,951734800
Sub-Saharan Africa (FAO),,2021,2264546.8,953980500
Sub-Saharan Africa (FAO),,2022,2317286,955721340
Sub-Saharan Africa (FAO),,2023,3038229,957480500
Sudan,SDN,2012,,111465960
Sudan,SDN,2013,,111453360
Sudan,SDN,2014,130000,111444960
Sudan,SDN,2015,130000,111749880
Sudan,SDN,2016,130000,112054800
Sudan,SDN,2017,130000,112359720
Sudan,SDN,2018,77000,112665000
Sudan,SDN,2019,74000,112665000
Sudan,SDN,2020,74000,112665000
Sudan,SDN,2021,72000,112665000
Sudan,SDN,2022,70000,112665000
Sudan,SDN,2023,40325,112665000
Sudan (former),OWID_SDN,2004,465000,134497000
Sudan (former),OWID_SDN,2005,465000,135220000
Sudan (former),OWID_SDN,2006,465000,136053000
Sudan (former),OWID_SDN,2007,465000,136615000
Sudan (former),OWID_SDN,2008,465000,136698000
Sudan (former),OWID_SDN,2009,464500,137265800
Sudan (former),OWID_SDN,2010,,137246200
Sudan (former),OWID_SDN,2011,,137246200
Suriname,SUR,2004,,77500
Suriname,SUR,2005,,72800
Suriname,SUR,2006,,72800
Suriname,SUR,2007,,70000
Suriname,SUR,2008,,70800
Suriname,SUR,2009,,80400
Suriname,SUR,2010,,78300
Suriname,SUR,2011,,80000
Suriname,SUR,2012,,73200
Suriname,SUR,2013,,83200
Suriname,SUR,2014,40,88200
Suriname,SUR,2015,40,87000
Suriname,SUR,2016,50,87000
Suriname,SUR,2017,60,84000
Suriname,SUR,2018,94,84000
Suriname,SUR,2019,110,84000
Suriname,SUR,2020,52,80000
Suriname,SUR,2021,52,78000
Suriname,SUR,2022,52,72000
Suriname,SUR,2023,51.800003,71432
Sweden,SWE,2004,222100,3153200
Sweden,SWE,2005,222700,3201200
Sweden,SWE,2006,225400,3150100
Sweden,SWE,2007,308200,3120900
Sweden,SWE,2008,336400,3075800
Sweden,SWE,2009,385000,3067200
Sweden,SWE,2010,438900,3073700
Sweden,SWE,2011,480600,3063100
Sweden,SWE,2012,478000,3031500
Sweden,SWE,2013,501500,3036080
Sweden,SWE,2014,502200,3036070
Sweden,SWE,2015,519000,3028350
Sweden,SWE,2016,553000,3020920
Sweden,SWE,2017,577000,3011370
Sweden,SWE,2018,609000,3000390
Sweden,SWE,2019,614000,3005000
Sweden,SWE,2020,611000,3006000
Sweden,SWE,2021,607000,3003000
Sweden,SWE,2022,597000,2995000
Sweden,SWE,2023,550000,2982000
Switzerland,CHE,2004,114145.1,1553555.9
Switzerland,CHE,2005,116692.4,1550463.1
Switzerland,CHE,2006,117361.5,1547418.8
Switzerland,CHE,2007,116130.2,1544368.6
Switzerland,CHE,2008,113637.5,1541027.4
Switzerland,CHE,2009,111601.195,1537698.2
Switzerland,CHE,2010,111008,1534410.6
Switzerland,CHE,2011,115648.91,1531122.5
Switzerland,CHE,2012,121212.9,1527837.5
Switzerland,CHE,2013,127522.1,1524563.4
Switzerland,CHE,2014,133296.5,1521277.9
Switzerland,CHE,2015,134971.89,1518005.5
Switzerland,CHE,2016,139899.5,1514746.4
Switzerland,CHE,2017,149621.9,1511633.8
Switzerland,CHE,2018,160144.7,1508572.8
Switzerland,CHE,2019,169038.5,1505515.8
Switzerland,CHE,2020,176337.5,1502436.9
Switzerland,CHE,2021,180380.6,1499378.2
Switzerland,CHE,2022,185225,1496280.8
Switzerland,CHE,2023,188846.61,1493222.8
Syria,SYR,2004,,13905000
Syria,SYR,2005,,13828000
Syria,SYR,2006,,13877000
Syria,SYR,2007,,13897000
Syria,SYR,2008,25660,13898000
Syria,SYR,2009,35400,13908000
Syria,SYR,2010,20000,13908000
Syria,SYR,2011,20000,13915000
Syria,SYR,2012,20000,13921000
Syria,SYR,2013,20000,13921000
Syria,SYR,2014,20000,13919000
Syria,SYR,2015,20000,13917000
Syria,SYR,2016,20000,13916126
Syria,SYR,2017,20000,13920031
Syria,SYR,2018,20000,13917688
Syria,SYR,2019,20000,13911334
Syria,SYR,2020,,13913376
Syria,SYR,2021,,13770977
Syria,SYR,2022,,13606000
Syria,SYR,2023,,13606000
Taiwan,TWN,2004,,836000
Taiwan,TWN,2005,1300,833000
Taiwan,TWN,2006,1700,830000
Taiwan,TWN,2007,2000,826000
Taiwan,TWN,2008,2400,822000
Taiwan,TWN,2009,3000,815000
Taiwan,TWN,2010,3000,813000
Taiwan,TWN,2011,5000,808000
Taiwan,TWN,2012,5000,803000
Taiwan,TWN,2013,5900,800000
Taiwan,TWN,2014,5900,799600
Taiwan,TWN,2015,6500,796600
Taiwan,TWN,2016,6500,794000
Taiwan,TWN,2017,6500,793000
Taiwan,TWN,2018,8759,790700
Taiwan,TWN,2019,9536,790200
Taiwan,TWN,2020,10789,790100
Taiwan,TWN,2021,11765.4,787000
Taiwan,TWN,2022,13545,780000
Taiwan,TWN,2023,17561,779000
Tajikistan,TJK,2004,,4650000
Tajikistan,TJK,2005,,4672000
Tajikistan,TJK,2006,,4735000
Tajikistan,TJK,2007,,4729000
Tajikistan,TJK,2008,70,4727000
Tajikistan,TJK,2009,70,4759400
Tajikistan,TJK,2010,400,3808200
Tajikistan,TJK,2011,460,3752000
Tajikistan,TJK,2012,12700,3669000
Tajikistan,TJK,2013,12700,3702900
Tajikistan,TJK,2014,12700,3719600
Tajikistan,TJK,2015,12700,3757900
Tajikistan,TJK,2016,12700,3797900
Tajikistan,TJK,2017,12700,3841700
Tajikistan,TJK,2018,8806,3854600
Tajikistan,TJK,2019,10340,3864000
Tajikistan,TJK,2020,11818,3862700
Tajikistan,TJK,2021,22291.6,3856800
Tajikistan,TJK,2022,64704.004,3896200
Tajikistan,TJK,2023,64415.605,3878700
Tanzania,TZA,2004,,34757100
Tanzania,TZA,2005,44700,35314200
Tanzania,TZA,2006,23700,35871300
Tanzania,TZA,2007,62200,36418400
Tanzania,TZA,2008,72200,36974400
Tanzania,TZA,2009,72200,37186700
Tanzania,TZA,2010,72000,37399000
Tanzania,TZA,2011,115000,37611300
Tanzania,TZA,2012,186500,37497590
Tanzania,TZA,2013,186500,38035900
Tanzania,TZA,2014,186500,38248200
Tanzania,TZA,2015,268700,38460500
Tanzania,TZA,2016,268700,38672800
Tanzania,TZA,2017,278500,38885100
Tanzania,TZA,2018,278500,39097400
Tanzania,TZA,2019,278500,39309700
Tanzania,TZA,2020,198200,39521200
Tanzania,TZA,2021,286627.2,39521200
Tanzania,TZA,2022,313231,39521200
Tanzania,TZA,2023,223067.1,39521200
Thailand,THA,2004,,22267000
Thailand,THA,2005,21700,22360000
Thailand,THA,2006,21700,22453000
Thailand,THA,2007,24600,22545000
Thailand,THA,2008,22200,22638000
Thailand,THA,2009,30800,22731000
Thailand,THA,2010,34100,22824000
Thailand,THA,2011,34800,22828000
Thailand,THA,2012,32599.998,22832000
Thailand,THA,2013,33800,22836266
Thailand,THA,2014,37700,22842000
Thailand,THA,2015,45600,22846000
Thailand,THA,2016,57200,22842000
Thailand,THA,2017,91270,22847000
Thailand,THA,2018,95066,22845698
Thailand,THA,2019,188451,23000000
Thailand,THA,2020,160800,23271900
Thailand,THA,2021,167985.39,23500000
Thailand,THA,2022,241497,23500000
Thailand,THA,2023,77633.2,22376000
Togo,TGO,2004,,3480000
Togo,TGO,2005,90,3520000
Togo,TGO,2006,2300,3570000
Togo,TGO,2007,2550,3595000
Togo,TGO,2008,3000,3635000
Togo,TGO,2009,1800,3655000
Togo,TGO,2010,3400,3665000
Togo,TGO,2011,1300,3665000
Togo,TGO,2012,3900,3850000
Togo,TGO,2013,4640,3820000
Togo,TGO,2014,15300,3820000
Togo,TGO,2015,15300,3820000
Togo,TGO,2016,21600,3820000
Togo,TGO,2017,39390,3820000
Togo,TGO,2018,41300,3820000
Togo,TGO,2019,38510,3820000
Togo,TGO,2020,127780,3820000
Togo,TGO,2021,130858.305,3820000
Togo,TGO,2022,158581,3820000
Togo,TGO,2023,322346.3,3820000
Tokelau,TKL,2004,,600
Tokelau,TKL,2005,,600
Tokelau,TKL,2006,,600
Tokelau,TKL,2007,,600
Tokelau,TKL,2008,,600
Tokelau,TKL,2009,,600
Tokelau,TKL,2010,,600
Tokelau,TKL,2011,,600
Tokelau,TKL,2012,,600
Tokelau,TKL,2013,,600
Tokelau,TKL,2014,,600
Tokelau,TKL,2015,,600
Tokelau,TKL,2016,,600
Tokelau,TKL,2017,,600
Tokelau,TKL,2018,,600
Tokelau,TKL,2019,,600
Tokelau,TKL,2020,,600
Tokelau,TKL,2021,,600
Tokelau,TKL,2022,,600
Tokelau,TKL,2023,,600
Tonga,TON,2004,,30000
Tonga,TON,2005,,30000
Tonga,TON,2006,,31000
Tonga,TON,2007,,31000
Tonga,TON,2008,,31000
Tonga,TON,2009,,32000
Tonga,TON,2010,,32000
Tonga,TON,2011,250,32000
Tonga,TON,2012,400,33000
Tonga,TON,2013,400,33000
Tonga,TON,2014,2000,34000
Tonga,TON,2015,2600,35000
Tonga,TON,2016,1500,35000
Tonga,TON,2017,1600,35000
Tonga,TON,2018,680,35000
Tonga,TON,2019,1119,35000
Tonga,TON,2020,1119,35000
Tonga,TON,2021,1119,35000
Tonga,TON,2022,322,35000
Tonga,TON,2023,322.3,35000
Trinidad and Tobago,TTO,2004,,55000
Trinidad and Tobago,TTO,2005,,54000
Trinidad and Tobago,TTO,2006,,54000
Trinidad and Tobago,TTO,2007,,54000
Trinidad and Tobago,TTO,2008,,54000
Trinidad and Tobago,TTO,2009,,54000
Trinidad and Tobago,TTO,2010,,54000
Trinidad and Tobago,TTO,2011,,54000
Trinidad and Tobago,TTO,2012,,54000
Trinidad and Tobago,TTO,2013,,54000
Trinidad and Tobago,TTO,2014,,54000
Trinidad and Tobago,TTO,2015,,54000
Trinidad and Tobago,TTO,2016,,54000
Trinidad and Tobago,TTO,2017,,54000
Trinidad and Tobago,TTO,2018,,54000
Trinidad and Tobago,TTO,2019,,54000
Trinidad and Tobago,TTO,2020,,54000
Trinidad and Tobago,TTO,2021,,54000
Trinidad and Tobago,TTO,2022,,54000
Trinidad and Tobago,TTO,2023,,54000
Tunisia,TUN,2004,157800,9830000
Tunisia,TUN,2005,143100,9824000
Tunisia,TUN,2006,154800,9806000
Tunisia,TUN,2007,154800,9805000
Tunisia,TUN,2008,174700,9881000
Tunisia,TUN,2009,167300,9789000
Tunisia,TUN,2010,175100,10038000
Tunisia,TUN,2011,178500,10072000
Tunisia,TUN,2012,139800,9922000
Tunisia,TUN,2013,135680,9943000
Tunisia,TUN,2014,139000,9761000
Tunisia,TUN,2015,145000,9834000
Tunisia,TUN,2016,181100,9702600
Tunisia,TUN,2017,306500,9742900
Tunisia,TUN,2018,309220,9700500
Tunisia,TUN,2019,286620,9700500
Tunisia,TUN,2020,297140,9700500
Tunisia,TUN,2021,279389.1,9700500
Tunisia,TUN,2022,240582,9700500
Tunisia,TUN,2023,196221.69,9700500
Turkey,TUR,2004,210000,41210000
Turkey,TUR,2005,204000,41223000
Turkey,TUR,2006,193000,40493000
Turkey,TUR,2007,174000,39505000
Turkey,TUR,2008,167000,39122000
Turkey,TUR,2009,502000,38911000
Turkey,TUR,2010,510000,39012000
Turkey,TUR,2011,615000,38247000
Turkey,TUR,2012,703000,38407000
Turkey,TUR,2013,769000,38423000
Turkey,TUR,2014,842000,38554000
Turkey,TUR,2015,515000,38551000
Turkey,TUR,2016,524000,38328000
Turkey,TUR,2017,543000,37964000
Turkey,TUR,2018,627000,37802000
Turkey,TUR,2019,546000,37716000
Turkey,TUR,2020,383000,37762000
Turkey,TUR,2021,352000,38089000
Turkey,TUR,2022,311000,38501000
Turkey,TUR,2023,343000,38588000
Turkmenistan,TKM,2004,,35050000
Turkmenistan,TKM,2005,,34880000
Turkmenistan,TKM,2006,,34700000
Turkmenistan,TKM,2007,,34550000
Turkmenistan,TKM,2008,,34350000
Turkmenistan,TKM,2009,,34205000
Turkmenistan,TKM,2010,,34000000
Turkmenistan,TKM,2011,,33838000
Turkmenistan,TKM,2012,,34575624
Turkmenistan,TKM,2013,,35313250
Turkmenistan,TKM,2014,,36050876
Turkmenistan,TKM,2015,,36788500
Turkmenistan,TKM,2016,,37526124
Turkmenistan,TKM,2017,,38263750
Turkmenistan,TKM,2018,,39001376
Turkmenistan,TKM,2019,,39739000
Turkmenistan,TKM,2020,,39736700
Turkmenistan,TKM,2021,,39734300
Turkmenistan,TKM,2022,,39734300
Turkmenistan,TKM,2023,,39578240
Turks and Caicos Islands,TCA,2004,,1000
Turks and Caicos Islands,TCA,2005,,1000
Turks and Caicos Islands,TCA,2006,,1000
Turks and Caicos Islands,TCA,2007,,1000
Turks and Caicos Islands,TCA,2008,,1000
Turks and Caicos Islands,TCA,2009,,1000
Turks and Caicos Islands,TCA,2010,,1000
Turks and Caicos Islands,TCA,2011,,1000
Turks and Caicos Islands,TCA,2012,,1000
Turks and Caicos Islands,TCA,2013,,1000
Turks and Caicos Islands,TCA,2014,,1000
Turks and Caicos Islands,TCA,2015,,1000
Turks and Caicos Islands,TCA,2016,,1000
Turks and Caicos Islands,TCA,2017,,1000
Turks and Caicos Islands,TCA,2018,,1000
Turks and Caicos Islands,TCA,2019,,1000
Turks and Caicos Islands,TCA,2020,,1000
Turks and Caicos Islands,TCA,2021,,1000
Turks and Caicos Islands,TCA,2022,,1000
Turks and Caicos Islands,TCA,2023,,1000
Tuvalu,TUV,2004,,1700
Tuvalu,TUV,2005,,1700
Tuvalu,TUV,2006,,1700
Tuvalu,TUV,2007,,1800
Tuvalu,TUV,2008,,1800
Tuvalu,TUV,2009,,1800
Tuvalu,TUV,2010,,1800
Tuvalu,TUV,2011,,1800
Tuvalu,TUV,2012,,1800
Tuvalu,TUV,2013,,1800
Tuvalu,TUV,2014,,1800
Tuvalu,TUV,2015,,1800
Tuvalu,TUV,2016,,1800
Tuvalu,TUV,2017,,1800
Tuvalu,TUV,2018,,1800
Tuvalu,TUV,2019,,1800
Tuvalu,TUV,2020,,1800
Tuvalu,TUV,2021,,1800
Tuvalu,TUV,2022,,1800
Tuvalu,TUV,2023,,1800
Uganda,UGA,2004,,13262000
Uganda,UGA,2005,182000,13262000
Uganda,UGA,2006,246800,13462750
Uganda,UGA,2007,296200,13663500
Uganda,UGA,2008,212300,13914250
Uganda,UGA,2009,227000,14115000
Uganda,UGA,2010,228400,14265000
Uganda,UGA,2011,228400,14365000
Uganda,UGA,2012,231200,14415000
Uganda,UGA,2013,230230,14415000
Uganda,UGA,2014,240200,14415000
Uganda,UGA,2015,241200,14415000
Uganda,UGA,2016,262300,14415000
Uganda,UGA,2017,262300,14415000
Uganda,UGA,2018,262300,14415000
Uganda,UGA,2019,288748,14415000
Uganda,UGA,2020,346496,14415000
Uganda,UGA,2021,505307,14415000
Uganda,UGA,2022,505307,14415000
Uganda,UGA,2023,505308,14415000
Ukraine,UKR,2004,,41354000
Ukraine,UKR,2005,242000,41304000
Ukraine,UKR,2006,242000,41284000
Ukraine,UKR,2007,249900,41266000
Ukraine,UKR,2008,270000,41292000
Ukraine,UKR,2009,270190,41276000
Ukraine,UKR,2010,270230,41267000
Ukraine,UKR,2011,270320,41281000
Ukraine,UKR,2012,272850,41297000
Ukraine,UKR,2013,393400,41526000
Ukraine,UKR,2014,400800,41511000
Ukraine,UKR,2015,410600,41508000
Ukraine,UKR,2016,381200,41515000
Ukraine,UKR,2017,289000,41489000
Ukraine,UKR,2018,309100,41329000
Ukraine,UKR,2019,467980,41311000
Ukraine,UKR,2020,462230,41311000
Ukraine,UKR,2021,422299,41311000
Ukraine,UKR,2022,263619,41311000
Ukraine,UKR,2023,471176,41311000
United Arab Emirates,ARE,2004,,554000
United Arab Emirates,ARE,2005,,557000
United Arab Emirates,ARE,2006,,538600
United Arab Emirates,ARE,2007,,532600
United Arab Emirates,ARE,2008,300,539600
United Arab Emirates,ARE,2009,370,387900
United Arab Emirates,ARE,2010,360,392300
United Arab Emirates,ARE,2011,960,388500
United Arab Emirates,ARE,2012,3900,376700
United Arab Emirates,ARE,2013,4150,379400
United Arab Emirates,ARE,2014,4300,382500
United Arab Emirates,ARE,2015,4300,382800
United Arab Emirates,ARE,2016,4600,383800
United Arab Emirates,ARE,2017,4700,383800
United Arab Emirates,ARE,2018,4687,381750
United Arab Emirates,ARE,2019,4642,390400
United Arab Emirates,ARE,2020,5420,389800
United Arab Emirates,ARE,2021,5420,391561.5
United Arab Emirates,ARE,2022,5420,391561.5
United Arab Emirates,ARE,2023,5419,391703.72
United Kingdom,GBR,2004,659600,17051000
United Kingdom,GBR,2005,604700,16956000
United Kingdom,GBR,2006,603400,17838000
United Kingdom,GBR,2007,659500,17647000
United Kingdom,GBR,2008,719600,17684000
United Kingdom,GBR,2009,720000,17325000
United Kingdom,GBR,2010,697900,17224000
United Kingdom,GBR,2011,636800,17164000
United Kingdom,GBR,2012,588100,17182000
United Kingdom,GBR,2013,557400,17250200
United Kingdom,GBR,2014,537225.25,17232000
United Kingdom,GBR,2015,508792.7,17138000
United Kingdom,GBR,2016,495103.9,17349982
United Kingdom,GBR,2017,502928.6,17466152
United Kingdom,GBR,2018,462489.1,17350862
United Kingdom,GBR,2019,465444.3,17521296
United Kingdom,GBR,2020,470217.72,17259298
United Kingdom,GBR,2021,485967.5,17215140
United Kingdom,GBR,2022,488069.4,17414520
United Kingdom,GBR,2023,477025.3,17009452
United States,USA,2004,,412981440
United States,USA,2005,1640800,412940160
United States,USA,2006,1188200,412898880
United States,USA,2007,1736100,412857600
United States,USA,2008,1728470,414880800
United States,USA,2009,1949000,416904060
United States,USA,2010,1949000,418927300
United States,USA,2011,1949000,420950500
United States,USA,2012,1949000,422973730
United States,USA,2013,2178500,423827600
United States,USA,2014,2178500,424681440
United States,USA,2015,2029300,425535330
United States,USA,2016,2031300,426389200
United States,USA,2017,2031300,427243040
United States,USA,2018,2023400,426102500
United States,USA,2019,2326600,424962000
United States,USA,2020,2326600,423821440
United States,USA,2021,2326600,422680900
United States,USA,2022,2060741,421540380
United States,USA,2023,2060741,421540380
United States Virgin Islands,VIR,2004,,6000
United States Virgin Islands,VIR,2005,,6000
United States Virgin Islands,VIR,2006,,4000
United States Virgin Islands,VIR,2007,,4000
United States Virgin Islands,VIR,2008,,4000
United States Virgin Islands,VIR,2009,,4000
United States Virgin Islands,VIR,2010,,4000
United States Virgin Islands,VIR,2011,,4000
United States Virgin Islands,VIR,2012,,4000
United States Virgin Islands,VIR,2013,,4000
United States Virgin Islands,VIR,2014,30,4000
United States Virgin Islands,VIR,2015,30,4000
United States Virgin Islands,VIR,2016,30,4000
United States Virgin Islands,VIR,2017,30,4000
United States Virgin Islands,VIR,2018,30,3300
United States Virgin Islands,VIR,2019,30,3300
United States Virgin Islands,VIR,2020,,3300
United States Virgin Islands,VIR,2021,,3300
United States Virgin Islands,VIR,2022,,3300
United States Virgin Islands,VIR,2023,,3300
Upper-middle-income countries,OWID_UMC,2004,2857400,1922207900
Upper-middle-income countries,OWID_UMC,2005,6861590,1906682500
Upper-middle-income countries,OWID_UMC,2006,6400020,1911984300
Upper-middle-income countries,OWID_UMC,2007,6750490,1913758100
Upper-middle-income countries,OWID_UMC,2008,8405500,1907152100
Upper-middle-income countries,OWID_UMC,2009,9220120,1905095600
Upper-middle-income countries,OWID_UMC,2010,8637150,1913214000
Upper-middle-income countries,OWID_UMC,2011,8789950,1911051400
Upper-middle-income countries,OWID_UMC,2012,8943390,1912139000
Upper-middle-income countries,OWID_UMC,2013,9157740,1913208200
Upper-middle-income countries,OWID_UMC,2014,8855780,1909578500
Upper-middle-income countries,OWID_UMC,2015,8670959,1912165900
Upper-middle-income countries,OWID_UMC,2016,9336970,1910481700
Upper-middle-income countries,OWID_UMC,2017,10924495,1907589600
Upper-middle-income countries,OWID_UMC,2018,11034046,1907144700
Upper-middle-income countries,OWID_UMC,2019,10450607,1906362000
Upper-middle-income countries,OWID_UMC,2020,11044079,1912460400
Upper-middle-income countries,OWID_UMC,2021,11226320,1913289200
Upper-middle-income countries,OWID_UMC,2022,10887637,1909858000
Upper-middle-income countries,OWID_UMC,2023,11420041,1900065500
Uruguay,URY,2004,,14829000
Uruguay,URY,2005,759000,14832000
Uruguay,URY,2006,931000,14695000
Uruguay,URY,2007,931000,14550000
Uruguay,URY,2008,931000,14674000
Uruguay,URY,2009,931000,14814000
Uruguay,URY,2010,931000,14433000
Uruguay,URY,2011,931000,14526000
Uruguay,URY,2012,931000,14237000
Uruguay,URY,2013,931000,14346700
Uruguay,URY,2014,1307400,14475100
Uruguay,URY,2015,1307400,14467600
Uruguay,URY,2016,1657000,14265300
Uruguay,URY,2017,1882200,14222900
Uruguay,URY,2018,2147100,14190800
Uruguay,URY,2019,2143600,14127300
Uruguay,URY,2020,2742400,14063400
Uruguay,URY,2021,2741850,14070000
Uruguay,URY,2022,2740999,14154485
Uruguay,URY,2023,3572286,14238600
Uzbekistan,UZB,2004,,26684000
Uzbekistan,UZB,2005,,26503000
Uzbekistan,UZB,2006,,26322000
Uzbekistan,UZB,2007,1850,26141000
Uzbekistan,UZB,2008,2500,25960000
Uzbekistan,UZB,2009,300,25779000
Uzbekistan,UZB,2010,100,25598000
Uzbekistan,UZB,2011,210,25417000
Uzbekistan,UZB,2012,210,25236000
Uzbekistan,UZB,2013,210,25060000
Uzbekistan,UZB,2014,,25542000
Uzbekistan,UZB,2015,,25548000
Uzbekistan,UZB,2016,,25545700
Uzbekistan,UZB,2017,,25533200
Uzbekistan,UZB,2018,943,25520300
Uzbekistan,UZB,2019,932,25555300
Uzbekistan,UZB,2020,3781,25682500
Uzbekistan,UZB,2021,4925.2,25690600
Uzbekistan,UZB,2022,2384,25769000
Uzbekistan,UZB,2023,2492.8,25582000
Vanuatu,VUT,2004,,181000
Vanuatu,VUT,2005,,183000
Vanuatu,VUT,2006,9000,185000
Vanuatu,VUT,2007,9000,187000
Vanuatu,VUT,2008,9000,187000
Vanuatu,VUT,2009,9000,187000
Vanuatu,VUT,2010,2700,187000
Vanuatu,VUT,2011,2200,187000
Vanuatu,VUT,2012,4100,187000
Vanuatu,VUT,2013,4100,187000
Vanuatu,VUT,2014,6600,187000
Vanuatu,VUT,2015,9500,187000
Vanuatu,VUT,2016,11800,187000
Vanuatu,VUT,2017,14900,187000
Vanuatu,VUT,2018,25648.2,187000
Vanuatu,VUT,2019,8368,187000
Vanuatu,VUT,2020,2052,187000
Vanuatu,VUT,2021,6281.1997,187000
Vanuatu,VUT,2022,2325,187000
Vanuatu,VUT,2023,6431.4,187000
Venezuela,VEN,2004,,21590000
Venezuela,VEN,2005,,21595000
Venezuela,VEN,2006,,21555000
Venezuela,VEN,2007,2400,21559000
Venezuela,VEN,2008,2400,21600000
Venezuela,VEN,2009,340,21500000
Venezuela,VEN,2010,340,21500000
Venezuela,VEN,2011,60,21500000
Venezuela,VEN,2012,60,21500000
Venezuela,VEN,2013,50,21500000
Venezuela,VEN,2014,,21500000
Venezuela,VEN,2015,,21500000
Venezuela,VEN,2016,,21500000
Venezuela,VEN,2017,,21500000
Venezuela,VEN,2018,,21500000
Venezuela,VEN,2019,,21500000
Venezuela,VEN,2020,1490,21500000
Venezuela,VEN,2021,2495.5,21500000
Venezuela,VEN,2022,2495.5,21500000
Venezuela,VEN,2023,2517.8,21500000
Vietnam,VNM,2004,,9795600
Vietnam,VNM,2005,6500,10054100
Vietnam,VNM,2006,21900,10078000
Vietnam,VNM,2007,12100,10062600
Vietnam,VNM,2008,12600,10240800
Vietnam,VNM,2009,14000,10292000
Vietnam,VNM,2010,19300,10760100
Vietnam,VNM,2011,23400,10768600
Vietnam,VNM,2012,36280,10793300
Vietnam,VNM,2013,37490,10852800
Vietnam,VNM,2014,43000,10873700
Vietnam,VNM,2015,76670,12147800
Vietnam,VNM,2016,53500,12172200
Vietnam,VNM,2017,58020,12168800
Vietnam,VNM,2018,51400,12140500
Vietnam,VNM,2019,61900,12388000
Vietnam,VNM,2020,63540,12360000
Vietnam,VNM,2021,74539.5,12360000
Vietnam,VNM,2022,31242,12315000
Vietnam,VNM,2023,174579.61,12291036
Wallis and Futuna,WLF,2004,,6000
Wallis and Futuna,WLF,2005,,6000
Wallis and Futuna,WLF,2006,,6000
Wallis and Futuna,WLF,2007,,6000
Wallis and Futuna,WLF,2008,,6000
Wallis and Futuna,WLF,2009,,6000
Wallis and Futuna,WLF,2010,,6000
Wallis and Futuna,WLF,2011,,6000
Wallis and Futuna,WLF,2012,,6000
Wallis and Futuna,WLF,2013,,6000
Wallis and Futuna,WLF,2014,,6000
Wallis and Futuna,WLF,2015,,6000
Wallis and Futuna,WLF,2016,,6000
Wallis and Futuna,WLF,2017,,6000
Wallis and Futuna,WLF,2018,,6000
Wallis and Futuna,WLF,2019,,6000
Wallis and Futuna,WLF,2020,,6000
Wallis and Futuna,WLF,2021,,6000
Wallis and Futuna,WLF,2022,,6000
Wallis and Futuna,WLF,2023,,6000
Western Africa (FAO),,2004,,263875020
Western Africa (FAO),,2005,32660,270173200
Western Africa (FAO),,2006,48080,270413920
Western Africa (FAO),,2007,50670,272387800
Western Africa (FAO),,2008,94200,273639000
Western Africa (FAO),,2009,192100,274879000
Western Africa (FAO),,2010,169280,276121300
Western Africa (FAO),,2011,100640,277096000
Western Africa (FAO),,2012,100500,279545280
Western Africa (FAO),,2013,83860,281807940
Western Africa (FAO),,2014,98780,283155170
Western Africa (FAO),,2015,148500,285805440
Western Africa (FAO),,2016,260540.02,286495940
Western Africa (FAO),,2017,359010,288085920
Western Africa (FAO),,2018,373242,290797440
Western Africa (FAO),,2019,471002,291832260
Western Africa (FAO),,2020,653889.25,293239140
Western Africa (FAO),,2021,661798.9,295038080
Western Africa (FAO),,2022,752258.1,296030080
Western Africa (FAO),,2023,1312887.4,297179260
Western Asia (FAO),,2004,211820,274893570
Western Asia (FAO),,2005,242410,275071200
Western Asia (FAO),,2006,239120,274836400
Western Asia (FAO),,2007,232490,273955800
Western Asia (FAO),,2008,257130,272482750
Western Asia (FAO),,2009,622150,271718850
Western Asia (FAO),,2010,617850,272120200
Western Asia (FAO),,2011,702130,271512700
Western Asia (FAO),,2012,790840,271784160
Western Asia (FAO),,2013,877980,272171800
Western Asia (FAO),,2014,948460,272574340
Western Asia (FAO),,2015,634520,272512400
Western Asia (FAO),,2016,624870,272286500
Western Asia (FAO),,2017,644880,272062050
Western Asia (FAO),,2018,729583.2,271955520
Western Asia (FAO),,2019,654858.7,271954530
Western Asia (FAO),,2020,475005.88,271913820
Western Asia (FAO),,2021,449084,272114100
Western Asia (FAO),,2022,404046.6,272326530
Western Asia (FAO),,2023,412444.5,272415260
Western Europe (FAO),,2004,1948945.1,54367570
Western Europe (FAO),,2005,2031792.4,54284744
Western Europe (FAO),,2006,2055061.5,54084268
Western Europe (FAO),,2007,2105180.2,53948988
Western Europe (FAO),,2008,2188727.5,53813116
Western Europe (FAO),,2009,2348941.2,53656160
Western Europe (FAO),,2010,2589998,53304680
Western Europe (FAO),,2011,2756859,53216990
Western Europe (FAO),,2012,2835793,53082424
Western Europe (FAO),,2013,2873862,53031984
Western Europe (FAO),,2014,2942926.5,53033610
Western Europe (FAO),,2015,3223411.8,53004844
Western Europe (FAO),,2016,3522839.5,52863588
Western Europe (FAO),,2017,3802718,52833090
Western Europe (FAO),,2018,4215742.5,52780244
Western Europe (FAO),,2019,4541012,52651130
Western Europe (FAO),,2020,5145425,52435110
Western Europe (FAO),,2021,5393788,52433664
Western Europe (FAO),,2022,5510262,52378000
Western Europe (FAO),,2023,5711208,52268200
Western Sahara,ESH,2004,,5004000
Western Sahara,ESH,2005,,5004000
Western Sahara,ESH,2006,,5004000
Western Sahara,ESH,2007,,5004000
Western Sahara,ESH,2008,,5004000
Western Sahara,ESH,2009,,5004000
Western Sahara,ESH,2010,,5004000
Western Sahara,ESH,2011,,5004000
Western Sahara,ESH,2012,,5004000
Western Sahara,ESH,2013,,5004000
Western Sahara,ESH,2014,,5004000
Western Sahara,ESH,2015,,5004000
Western Sahara,ESH,2016,,5004000
Western Sahara,ESH,2017,,5004000
Western Sahara,ESH,2018,,5004000
Western Sahara,ESH,2019,,5004000
Western Sahara,ESH,2020,,5004000
Western Sahara,ESH,2021,,5004000
Western Sahara,ESH,2022,,5004000
Western Sahara,ESH,2023,,5004000
World,OWID_WRL,2004,21891606,4805045000
World,OWID_WRL,2005,29211034,4812571600
World,OWID_WRL,2006,30001086,4812215300
World,OWID_WRL,2007,31814614,4804269600
World,OWID_WRL,2008,34605440,4792763000
World,OWID_WRL,2009,36858840,4791081500
World,OWID_WRL,2010,35799308,4793920000
World,OWID_WRL,2011,36554230,4817180700
World,OWID_WRL,2012,37626000,4817352700
World,OWID_WRL,2013,35868036,4808527400
World,OWID_WRL,2014,45307020,4809697300
World,OWID_WRL,2015,50967670,4790039600
World,OWID_WRL,2016,57714410,4785696000
World,OWID_WRL,2017,69541000,4815944700
World,OWID_WRL,2018,71116710,4804410400
World,OWID_WRL,2019,72236270,4807253000
World,OWID_WRL,2020,75215320,4804946000
World,OWID_WRL,2021,76568936,4813414000
World,OWID_WRL,2022,78815290,4809931300
World,OWID_WRL,2023,98847280,4799308300
Yemen,YEM,2004,,23557000
Yemen,YEM,2005,,23523000
Yemen,YEM,2006,,23627000
Yemen,YEM,2007,,23627000
Yemen,YEM,2008,,23517000
Yemen,YEM,2009,,23452000
Yemen,YEM,2010,,23579000
Yemen,YEM,2011,,23452000
Yemen,YEM,2012,,23501000
Yemen,YEM,2013,,23499000
Yemen,YEM,2014,,23451600
Yemen,YEM,2015,,23432600
Yemen,YEM,2016,,23385800
Yemen,YEM,2017,,23452000
Yemen,YEM,2018,,23452000
Yemen,YEM,2019,,23452000
Yemen,YEM,2020,,23452000
Yemen,YEM,2021,,23452000
Yemen,YEM,2022,,23452000
Yemen,YEM,2023,,23452000
Zambia,ZMB,2004,,22897000
Zambia,ZMB,2005,2900,22762000
Zambia,ZMB,2006,2400,23048000
Zambia,ZMB,2007,2500,22984000
Zambia,ZMB,2008,3600,23087000
Zambia,ZMB,2009,7310,23586000
Zambia,ZMB,2010,7310,23436000
Zambia,ZMB,2011,7310,23636000
Zambia,ZMB,2012,7310,23836000
Zambia,ZMB,2013,7600,23737000
Zambia,ZMB,2014,7600,23738000
Zambia,ZMB,2015,8100.0005,23739000
Zambia,ZMB,2016,7700,23739000
Zambia,ZMB,2017,8000,23839000
Zambia,ZMB,2018,1230,23839000
Zambia,ZMB,2019,210,23839000
Zambia,ZMB,2020,690,23839000
Zambia,ZMB,2021,3376.1,23839000
Zambia,ZMB,2022,8893,23839000
Zambia,ZMB,2023,3166.7,23839000
Zimbabwe,ZWE,2004,,15957417
Zimbabwe,ZWE,2005,,16055517
Zimbabwe,ZWE,2006,,16251516
Zimbabwe,ZWE,2007,,16148715
Zimbabwe,ZWE,2008,300,16389412
Zimbabwe,ZWE,2009,400,16238312
Zimbabwe,ZWE,2010,2000,16136811
Zimbabwe,ZWE,2011,470,16337211
Zimbabwe,ZWE,2012,630,16190172
Zimbabwe,ZWE,2013,370,16187449
Zimbabwe,ZWE,2014,470,16185326
Zimbabwe,ZWE,2015,980,16182903
Zimbabwe,ZWE,2016,3200,16180980
Zimbabwe,ZWE,2017,3250,16178758
Zimbabwe,ZWE,2018,420,16176835
Zimbabwe,ZWE,2019,850,16177913
Zimbabwe,ZWE,2020,1040,16176891
Zimbabwe,ZWE,2021,1084.9,16173868
Zimbabwe,ZWE,2022,1450,16169444
Zimbabwe,ZWE,2023,351,16167122
